Date,Time,MSec from start,Mission,Emergency Stop,Operating Mode,Dead mans switch,Machine Hours,GPSLat,GPSLong,GPSOrientation,Speed,x_map,y_map,object_id_1,state_object_1,x_object_1,y_object_1,loaded_slot_id_1,object_id_2,state_object_2,x_object_2,y_object_2,loaded_slot_id_2,object_id_3,state_object_3,x_object_3,y_object_3,loaded_slot_id_3,object_id_4,state_object_4,x_object_4,y_object_4,loaded_slot_id_4,object_id_5,state_object_5,x_object_5,y_object_5,loaded_slot_id_5,slot_id_1,state_slot_1,x_slot_1,y_slot_1,planned_object_id_1,slot_id_2,state_slot_2,x_slot_2,y_slot_2,planned_object_id_2,slot_id_3,state_slot_3,x_slot_3,y_slot_3,planned_object_id_3,slot_id_4,state_slot_4,x_slot_4,y_slot_4,planned_object_id_4,data_error,param_error,is_connected,c_drive,c_lift,c_shift,c_steer,c_steer_rate,c_tilt,c_drive_pos_ref,c_lift_pos_ref,c_shift_pos_ref,c_steer_pos_ref,c_tilt_pos_ref,c_drive_vel_ref,c_lift_vel_ref,c_shift_vel_ref,c_steer_vel_ref,c_tilt_vel_ref,c_shift_pos,c_drive_vel,c_steer_pos,c_steer_vel,x_rel,y_rel,z_rel,theta_rel,z_pallet,steering_pos,steering_rate,shift_pos,object_pallet_x,object_pallet_y,object_pallet_z,object_pallet_roll,object_pallet_pitch,object_pallet_yaw,object_crayler_x,object_crayler_y,object_crayler_z,object_crayler_roll,object_crayler_pitch,object_crayler_yaw,x_error,y_error,theta_error
2025-07-16,05:05:35.611200,40759.14978981018,UnloadPallet,False,autonomous,False,0.0,0.0,0.0,0.0,-1.7460856832176108,30.4265636772313,30.4265636772313,-1,,0.0,0.0,,-1,,0.0,0.0,,-1,,0.0,0.0,,-1,,0.0,0.0,,-1,,0.0,0.0,,ground_5_frame_0,empty,32.107235100960274,-21.59114954858036,,0,0,0,0,0,0,0,0,0,0,0,0,0,0,0,0,0,0,-0.4850094963033252,0.2785999467,0.012,-0.0431861951947212,0.0,0.2106446623802185,0.0,0.0,0.0,0.0,0.0,0.0,0.0,0.0,0.0,0.0,0.0,0.0,0.0,0.0,-0.8349940109492664,-0.2138414555204324,-0.1311604329538048,1.0757909320095678,0.0704963774324061,-0.0431861951947212,0.103472888469696,0.0,0.0,0.0,0.0,0.0,0.0,0.0,0.0,0.0,0.0,0.0,0.0,0.0,0.0,0.0,0.0
2025-07-16,05:05:35.651005,40798.9547252655,UnloadPallet,False,autonomous,False,0.0,0.0,0.0,0.0,-1.7513065374199228,30.43466233632033,30.43466233632033,-1,,0.0,0.0,,-1,,0.0,0.0,,-1,,0.0,0.0,,-1,,0.0,0.0,,-1,,0.0,0.0,,ground_5_frame_0,empty,32.107235100960274,-21.59114954858036,,0,0,0,0,0,0,0,0,0,0,0,0,0,0,0,0,0,0,-0.4864596908105444,0.2785999467,0.012,-0.0387589447200298,0.0,0.2106038182973861,0.0,0.0,0.0,0.0,0.0,0.0,0.0,0.0,0.0,0.0,0.0,0.0,0.0,0.0,-0.8553060544135818,-0.2123128495635349,-0.1319980184774268,1.1595527770421654,0.0704963774324061,-0.0387589447200298,0.1016746163368225,0.0,0.0,0.0,0.0,0.0,0.0,0.0,0.0,0.0,0.0,0.0,0.0,0.0,0.0,0.0,0.0
2025-07-16,05:05:35.734268,40882.21788406372,UnloadPallet,False,autonomous,False,0.0,0.0,0.0,0.0,-1.7298430256993076,30.460561926699555,30.460561926699555,-1,,0.0,0.0,,-1,,0.0,0.0,,-1,,0.0,0.0,,-1,,0.0,0.0,,-1,,0.0,0.0,,ground_5_frame_0,empty,32.107235100960274,-21.59114954858036,,0,0,0,0,0,0,0,0,0,0,0,0,0,0,0,0,0,0,-0.4804977800586431,0.2785999467,0.012,-0.0358562320470809,0.0,0.2104125022888183,0.0,0.0,0.0,0.0,0.0,0.0,0.0,0.0,0.0,0.0,0.0,0.0,0.0,0.0,-0.907147819631362,-0.2184704827834558,-0.1332118433498326,1.1149446890119634,0.0704963774324061,-0.0358562320470809,0.0137406587600708,0.0,0.0,0.0,0.0,0.0,0.0,0.0,0.0,0.0,0.0,0.0,0.0,0.0,0.0,0.0,0.0
2025-07-16,05:05:35.770949,40918.89810562134,UnloadPallet,False,autonomous,False,0.0,0.0,0.0,0.0,-1.7246221714969956,30.474097831751585,30.474097831751585,-1,,0.0,0.0,,-1,,0.0,0.0,,-1,,0.0,0.0,,-1,,0.0,0.0,,-1,,0.0,0.0,,ground_5_frame_0,empty,32.107235100960274,-21.59114954858036,,0,0,0,0,0,0,0,0,0,0,0,0,0,0,0,0,0,0,-0.4790475855514238,0.2785999467,0.012,-0.0355728790163993,0.0,0.2101890593767166,0.0,0.0,0.0,0.0,0.0,0.0,0.0,0.0,0.0,0.0,0.0,0.0,0.0,0.0,-0.927917833452156,-0.2220271263504845,-0.1337296680090024,1.0244114035127438,0.0704963774324061,-0.0355728790163993,0.0083944201469421,0.0,0.0,0.0,0.0,0.0,0.0,0.0,0.0,0.0,0.0,0.0,0.0,0.0,0.0,0.0,0.0
2025-07-16,05:05:35.810940,40958.8897228241,UnloadPallet,False,autonomous,False,0.0,0.0,0.0,0.0,-1.7106998936241642,30.485742390132987,30.485742390132987,-1,,0.0,0.0,,-1,,0.0,0.0,,-1,,0.0,0.0,,-1,,0.0,0.0,,-1,,0.0,0.0,,ground_5_frame_0,empty,32.107235100960274,-21.59114954858036,,0,0,0,0,0,0,0,0,0,0,0,0,0,0,0,0,0,0,-0.4751804001988391,0.2785999467,0.012,-0.0358766093850135,0.0,0.2104037553071975,0.0,0.0,0.0,0.0,0.0,0.0,0.0,0.0,0.0,0.0,0.0,0.0,0.0,0.0,-0.9456185228918628,-0.2223439068618411,-0.1341503679119355,1.0082701174688111,0.0704963774324061,-0.0358766093850135,-0.0059728026390075,0.0,0.0,0.0,0.0,0.0,0.0,0.0,0.0,0.0,0.0,0.0,0.0,0.0,0.0,0.0,0.0
2025-07-16,05:05:35.853524,41001.47342681885,UnloadPallet,False,autonomous,False,0.0,0.0,0.0,0.0,-1.7066392292445884,30.49484942574051,30.49484942574051,-1,,0.0,0.0,,-1,,0.0,0.0,,-1,,0.0,0.0,,-1,,0.0,0.0,,-1,,0.0,0.0,,ground_5_frame_0,empty,32.107235100960274,-21.59114954858036,,0,0,0,0,0,0,0,0,0,0,0,0,0,0,0,0,0,0,-0.4740524711376686,0.2785999467,0.009,-0.0364843942224979,0.0,0.2108328193426132,0.0,0.0,0.0,0.0,0.0,0.0,0.0,0.0,0.0,0.0,0.0,0.0,0.0,0.0,-0.9456185228918628,-0.2223439068618411,-0.1341503679119354,1.0082701174688111,0.0704963774324061,-0.0364843942224979,-0.0115236043930053,0.0,0.0,0.0,0.0,0.0,0.0,0.0,0.0,0.0,0.0,0.0,0.0,0.0,0.0,0.0,0.0
2025-07-16,05:05:35.932005,41079.95414733887,UnloadPallet,False,autonomous,False,0.0,0.0,0.0,0.0,-1.6840155277012372,30.50899616450162,30.50899616450162,-1,,0.0,0.0,,-1,,0.0,0.0,,-1,,0.0,0.0,,-1,,0.0,0.0,,-1,,0.0,0.0,,ground_5_frame_0,empty,32.107235100960274,-21.59114954858036,,0,0,0,0,0,0,0,0,0,0,0,0,0,0,0,0,0,0,-0.4677682949397186,0.2785999467,0.006,-0.0361656546592712,0.0,0.2110334485769271,0.0,0.0,0.0,0.0,0.0,0.0,0.0,0.0,0.0,0.0,0.0,0.0,0.0,0.0,-0.959555464367334,-0.2251366409457418,-0.1344968588371938,0.928864667084838,0.0704963774324061,-0.0361656546592712,0.0011385083198547,0.0,0.0,0.0,0.0,0.0,0.0,0.0,0.0,0.0,0.0,0.0,0.0,0.0,0.0,0.0,0.0
2025-07-16,05:05:35.932005,41079.95414733887,UnloadPallet,False,autonomous,False,0.0,0.0,0.0,0.0,-1.6840155277012372,30.50899616450162,30.50899616450162,-1,,0.0,0.0,,-1,,0.0,0.0,,-1,,0.0,0.0,,-1,,0.0,0.0,,-1,,0.0,0.0,,ground_5_frame_0,empty,32.107235100960274,-21.59114954858036,,0,0,0,0,0,0,0,0,0,0,0,0,0,0,0,0,0,0,-0.4677682949397186,0.2785999467,0.006,-0.0361656546592712,0.0,0.2110334485769271,0.0,0.0,0.0,0.0,0.0,0.0,0.0,0.0,0.0,0.0,0.0,0.0,0.0,0.0,-0.9809524107724812,-0.222271569773083,-0.134740108539617,0.895331076580959,0.0704963774324061,-0.0361656546592712,0.0011385083198547,0.0,0.0,0.0,0.0,0.0,0.0,0.0,0.0,0.0,0.0,0.0,0.0,0.0,0.0,0.0,0.0
2025-07-16,05:05:35.932005,41079.95414733887,UnloadPallet,False,autonomous,False,0.0,0.0,0.0,0.0,-1.6840155277012372,30.50899616450162,30.50899616450162,-1,,0.0,0.0,,-1,,0.0,0.0,,-1,,0.0,0.0,,-1,,0.0,0.0,,-1,,0.0,0.0,,ground_5_frame_0,empty,32.107235100960274,-21.59114954858036,,0,0,0,0,0,0,0,0,0,0,0,0,0,0,0,0,0,0,-0.4677682949397186,0.2785999467,0.006,-0.0361656546592712,0.0,0.2110334485769271,0.0,0.0,0.0,0.0,0.0,0.0,0.0,0.0,0.0,0.0,0.0,0.0,0.0,0.0,-0.9809524107724812,-0.222271569773083,-0.134740108539617,0.895331076580959,0.0704963774324061,-0.0361656546592712,0.0011385083198547,0.0,0.0,0.0,0.0,0.0,0.0,0.0,0.0,0.0,0.0,0.0,0.0,0.0,0.0,0.0,0.0
2025-07-16,05:05:35.932005,41079.95414733887,UnloadPallet,False,autonomous,False,0.0,0.0,0.0,0.0,-1.6840155277012372,30.50899616450162,30.50899616450162,-1,,0.0,0.0,,-1,,0.0,0.0,,-1,,0.0,0.0,,-1,,0.0,0.0,,-1,,0.0,0.0,,ground_5_frame_0,empty,32.107235100960274,-21.59114954858036,,0,0,0,0,0,0,0,0,0,0,0,0,0,0,0,0,0,0,-0.4677682949397186,0.2785999467,0.006,-0.0361656546592712,0.0,0.2110334485769271,0.0,0.0,0.0,0.0,0.0,0.0,0.0,0.0,0.0,0.0,0.0,0.0,0.0,0.0,-0.9809524107724812,-0.222271569773083,-0.134740108539617,0.895331076580959,0.0704963774324061,-0.0361656546592712,0.0011385083198547,0.0,0.0,0.0,0.0,0.0,0.0,0.0,0.0,0.0,0.0,0.0,0.0,0.0,0.0,0.0,0.0
2025-07-16,05:05:35.932005,41079.95414733887,UnloadPallet,False,autonomous,False,0.0,0.0,0.0,0.0,-1.6840155277012372,30.50899616450162,30.50899616450162,-1,,0.0,0.0,,-1,,0.0,0.0,,-1,,0.0,0.0,,-1,,0.0,0.0,,-1,,0.0,0.0,,ground_5_frame_0,empty,32.107235100960274,-21.59114954858036,,0,0,0,0,0,0,0,0,0,0,0,0,0,0,0,0,0,0,-0.4677682949397186,0.2785999467,0.006,-0.0361656546592712,0.0,0.2110334485769271,0.0,0.0,0.0,0.0,0.0,0.0,0.0,0.0,0.0,0.0,0.0,0.0,0.0,0.0,-0.9809524107724812,-0.222271569773083,-0.134740108539617,0.895331076580959,0.0704963774324061,-0.0361656546592712,0.0011385083198547,0.0,0.0,0.0,0.0,0.0,0.0,0.0,0.0,0.0,0.0,0.0,0.0,0.0,0.0,0.0,0.0
2025-07-16,05:05:35.932005,41079.95414733887,UnloadPallet,False,autonomous,False,0.0,0.0,0.0,0.0,-1.6840155277012372,30.52018182285193,30.52018182285193,-1,,0.0,0.0,,-1,,0.0,0.0,,-1,,0.0,0.0,,-1,,0.0,0.0,,-1,,0.0,0.0,,ground_5_frame_0,empty,32.107235100960274,-21.59114954858036,,0,0,0,0,0,0,0,0,0,0,0,0,0,0,0,0,0,0,-0.4677682949397186,0.2785999467,0.006,-0.0361656546592712,0.0,0.2110334485769271,0.0,0.0,0.0,0.0,0.0,0.0,0.0,0.0,0.0,0.0,0.0,0.0,0.0,0.0,-0.9809524107724812,-0.222271569773083,-0.134740108539617,0.895331076580959,0.0704963774324061,-0.0361656546592712,0.0011385083198547,0.0,0.0,0.0,0.0,0.0,0.0,0.0,0.0,0.0,0.0,0.0,0.0,0.0,0.0,0.0,0.0
2025-07-16,05:05:35.971437,41119.386434555054,UnloadPallet,False,autonomous,False,0.0,0.0,0.0,0.0,-1.6782145785875575,30.52018182285193,30.52018182285193,-1,,0.0,0.0,,-1,,0.0,0.0,,-1,,0.0,0.0,,-1,,0.0,0.0,,-1,,0.0,0.0,,ground_5_frame_0,empty,32.107235100960274,-21.59114954858036,,0,0,0,0,0,0,0,0,0,0,0,0,0,0,0,0,0,0,-0.4661569677094749,0.2785999467,0.003,-0.0361656546592712,0.0,0.2110334485769271,0.0,0.0,0.0,0.0,0.0,0.0,0.0,0.0,0.0,0.0,0.0,0.0,0.0,0.0,-0.9809524107724812,-0.222271569773083,-0.134740108539617,0.895331076580959,0.0704963774324061,-0.0361656546592712,5.960464477539064e-08,0.0,0.0,0.0,0.0,0.0,0.0,0.0,0.0,0.0,0.0,0.0,0.0,0.0,0.0,0.0,0.0
2025-07-16,05:05:35.971437,41119.386434555054,UnloadPallet,False,autonomous,False,0.0,0.0,0.0,0.0,-1.6782145785875575,30.52018182285193,30.52018182285193,-1,,0.0,0.0,,-1,,0.0,0.0,,-1,,0.0,0.0,,-1,,0.0,0.0,,-1,,0.0,0.0,,ground_5_frame_0,empty,32.107235100960274,-21.59114954858036,,0,0,0,0,0,0,0,0,0,0,0,0,0,0,0,0,0,0,-0.4661569677094749,0.2785999467,0.003,-0.0361656546592712,0.0,0.2110334485769271,0.0,0.0,0.0,0.0,0.0,0.0,0.0,0.0,0.0,0.0,0.0,0.0,0.0,0.0,-0.9809524107724812,-0.222271569773083,-0.134740108539617,0.895331076580959,0.0704963774324061,-0.0361656546592712,5.960464477539064e-08,0.0,0.0,0.0,0.0,0.0,0.0,0.0,0.0,0.0,0.0,0.0,0.0,0.0,0.0,0.0,0.0
2025-07-16,05:05:35.971437,41119.386434555054,UnloadPallet,False,autonomous,False,0.0,0.0,0.0,0.0,-1.6782145785875575,30.52018182285193,30.52018182285193,-1,,0.0,0.0,,-1,,0.0,0.0,,-1,,0.0,0.0,,-1,,0.0,0.0,,-1,,0.0,0.0,,ground_5_frame_0,empty,32.107235100960274,-21.59114954858036,,0,0,0,0,0,0,0,0,0,0,0,0,0,0,0,0,0,0,-0.4661569677094749,0.2785999467,0.003,-0.0361656546592712,0.0,0.2110334485769271,0.0,0.0,0.0,0.0,0.0,0.0,0.0,0.0,0.0,0.0,0.0,0.0,0.0,0.0,-0.99823290558669,-0.2195435940258665,-0.135302093539865,0.8768792158514316,0.0704963774324061,-0.0361656546592712,5.960464477539064e-08,0.0,0.0,0.0,0.0,0.0,0.0,0.0,0.0,0.0,0.0,0.0,0.0,0.0,0.0,0.0,0.0
2025-07-16,05:05:35.971437,41119.386434555054,UnloadPallet,False,autonomous,False,0.0,0.0,0.0,0.0,-1.6782145785875575,30.52018182285193,30.52018182285193,-1,,0.0,0.0,,-1,,0.0,0.0,,-1,,0.0,0.0,,-1,,0.0,0.0,,-1,,0.0,0.0,,ground_5_frame_0,empty,32.107235100960274,-21.59114954858036,,0,0,0,0,0,0,0,0,0,0,0,0,0,0,0,0,0,0,-0.4661569677094749,0.2785999467,0.003,-0.0361656546592712,0.0,0.2110334485769271,0.0,0.0,0.0,0.0,0.0,0.0,0.0,0.0,0.0,0.0,0.0,0.0,0.0,0.0,-0.99823290558669,-0.2195435940258665,-0.135302093539865,0.8768792158514316,0.0704963774324061,-0.0361656546592712,5.960464477539064e-08,0.0,0.0,0.0,0.0,0.0,0.0,0.0,0.0,0.0,0.0,0.0,0.0,0.0,0.0,0.0,0.0
2025-07-16,05:05:35.971437,41119.386434555054,UnloadPallet,False,autonomous,False,0.0,0.0,0.0,0.0,-1.6782145785875575,30.52018182285193,30.52018182285193,-1,,0.0,0.0,,-1,,0.0,0.0,,-1,,0.0,0.0,,-1,,0.0,0.0,,-1,,0.0,0.0,,ground_5_frame_0,empty,32.107235100960274,-21.59114954858036,,0,0,0,0,0,0,0,0,0,0,0,0,0,0,0,0,0,0,-0.4661569677094749,0.2785999467,0.003,-0.0361656546592712,0.0,0.2110334485769271,0.0,0.0,0.0,0.0,0.0,0.0,0.0,0.0,0.0,0.0,0.0,0.0,0.0,0.0,-0.99823290558669,-0.2195435940258665,-0.135302093539865,0.8768792158514316,0.0704963774324061,-0.0361656546592712,5.960464477539064e-08,0.0,0.0,0.0,0.0,0.0,0.0,0.0,0.0,0.0,0.0,0.0,0.0,0.0,0.0,0.0,0.0
2025-07-16,05:05:36.010933,41158.88285636902,UnloadPallet,False,autonomous,False,0.0,0.0,0.0,0.0,-1.6596515414237822,30.52018182285193,30.52018182285193,-1,,0.0,0.0,,-1,,0.0,0.0,,-1,,0.0,0.0,,-1,,0.0,0.0,,-1,,0.0,0.0,,ground_5_frame_0,empty,32.107235100960274,-21.59114954858036,,0,0,0,0,0,0,0,0,0,0,0,0,0,0,0,0,0,0,-0.4610007205726954,0.2785999467,-0.001,-0.0364637300372123,0.0,0.2108417153358459,0.0,0.0,0.0,0.0,0.0,0.0,0.0,0.0,0.0,0.0,0.0,0.0,0.0,0.0,-0.99823290558669,-0.2195435940258665,-0.135302093539865,0.8768792158514316,0.0704963774324061,-0.0364637300372123,-0.0061439275741577,0.0,0.0,0.0,0.0,0.0,0.0,0.0,0.0,0.0,0.0,0.0,0.0,0.0,0.0,0.0,0.0
2025-07-16,05:05:36.010933,41158.88285636902,UnloadPallet,False,autonomous,False,0.0,0.0,0.0,0.0,-1.6596515414237822,30.54519150700903,30.54519150700903,-1,,0.0,0.0,,-1,,0.0,0.0,,-1,,0.0,0.0,,-1,,0.0,0.0,,-1,,0.0,0.0,,ground_5_frame_0,empty,32.107235100960274,-21.59114954858036,,0,0,0,0,0,0,0,0,0,0,0,0,0,0,0,0,0,0,-0.4610007205726954,0.2785999467,-0.001,-0.0364637300372123,0.0,0.2108417153358459,0.0,0.0,0.0,0.0,0.0,0.0,0.0,0.0,0.0,0.0,0.0,0.0,0.0,0.0,-0.99823290558669,-0.2195435940258665,-0.135302093539865,0.8768792158514316,0.0704963774324061,-0.0364637300372123,-0.0061439275741577,0.0,0.0,0.0,0.0,0.0,0.0,0.0,0.0,0.0,0.0,0.0,0.0,0.0,0.0,0.0,0.0
2025-07-16,05:05:36.010933,41158.88285636902,UnloadPallet,False,autonomous,False,0.0,0.0,0.0,0.0,-1.6596515414237822,30.54519150700903,30.54519150700903,-1,,0.0,0.0,,-1,,0.0,0.0,,-1,,0.0,0.0,,-1,,0.0,0.0,,-1,,0.0,0.0,,ground_5_frame_0,empty,32.107235100960274,-21.59114954858036,,0,0,0,0,0,0,0,0,0,0,0,0,0,0,0,0,0,0,-0.4610007205726954,0.2785999467,-0.001,-0.0364637300372123,0.0,0.2108417153358459,0.0,0.0,0.0,0.0,0.0,0.0,0.0,0.0,0.0,0.0,0.0,0.0,0.0,0.0,-0.99823290558669,-0.2195435940258665,-0.135302093539865,0.8768792158514316,0.0704963774324061,-0.0364637300372123,-0.0061439275741577,0.0,0.0,0.0,0.0,0.0,0.0,0.0,0.0,0.0,0.0,0.0,0.0,0.0,0.0,0.0,0.0
2025-07-16,05:05:36.010933,41158.88285636902,UnloadPallet,False,autonomous,False,0.0,0.0,0.0,0.0,-1.6596515414237822,30.54519150700903,30.54519150700903,-1,,0.0,0.0,,-1,,0.0,0.0,,-1,,0.0,0.0,,-1,,0.0,0.0,,-1,,0.0,0.0,,ground_5_frame_0,empty,32.107235100960274,-21.59114954858036,,0,0,0,0,0,0,0,0,0,0,0,0,0,0,0,0,0,0,-0.4610007205726954,0.2785999467,-0.001,-0.0364637300372123,0.0,0.2108417153358459,0.0,0.0,0.0,0.0,0.0,0.0,0.0,0.0,0.0,0.0,0.0,0.0,0.0,0.0,-0.99823290558669,-0.2195435940258665,-0.135302093539865,0.8768792158514316,0.0704963774324061,-0.0364637300372123,-0.0061439275741577,0.0,0.0,0.0,0.0,0.0,0.0,0.0,0.0,0.0,0.0,0.0,0.0,0.0,0.0,0.0,0.0
2025-07-16,05:05:36.010933,41158.88285636902,UnloadPallet,False,autonomous,False,0.0,0.0,0.0,0.0,-1.6596515414237822,30.54519150700903,30.54519150700903,-1,,0.0,0.0,,-1,,0.0,0.0,,-1,,0.0,0.0,,-1,,0.0,0.0,,-1,,0.0,0.0,,ground_5_frame_0,empty,32.107235100960274,-21.59114954858036,,0,0,0,0,0,0,0,0,0,0,0,0,0,0,0,0,0,0,-0.4610007205726954,0.2785999467,-0.001,-0.0364637300372123,0.0,0.2108417153358459,0.0,0.0,0.0,0.0,0.0,0.0,0.0,0.0,0.0,0.0,0.0,0.0,0.0,0.0,-1.0359734959574851,-0.2173984788809182,-0.1356097171641046,0.8271668665192351,0.0704963774324061,-0.0364637300372123,-0.0061439275741577,0.0,0.0,0.0,0.0,0.0,0.0,0.0,0.0,0.0,0.0,0.0,0.0,0.0,0.0,0.0,0.0
2025-07-16,05:05:36.010933,41158.88285636902,UnloadPallet,False,autonomous,False,0.0,0.0,0.0,0.0,-1.6596515414237822,30.54519150700903,30.54519150700903,-1,,0.0,0.0,,-1,,0.0,0.0,,-1,,0.0,0.0,,-1,,0.0,0.0,,-1,,0.0,0.0,,ground_5_frame_0,empty,32.107235100960274,-21.59114954858036,,0,0,0,0,0,0,0,0,0,0,0,0,0,0,0,0,0,0,-0.4610007205726954,0.2785999467,-0.001,-0.0364637300372123,0.0,0.2108417153358459,0.0,0.0,0.0,0.0,0.0,0.0,0.0,0.0,0.0,0.0,0.0,0.0,0.0,0.0,-1.0359734959574851,-0.2173984788809182,-0.1356097171641046,0.8271668665192351,0.0704963774324061,-0.0364637300372123,-0.0061439275741577,0.0,0.0,0.0,0.0,0.0,0.0,0.0,0.0,0.0,0.0,0.0,0.0,0.0,0.0,0.0,0.0
2025-07-16,05:05:36.055079,41203.02844047546,UnloadPallet,False,autonomous,False,0.0,0.0,0.0,0.0,-1.6515302126646303,30.54519150700903,30.54519150700903,-1,,0.0,0.0,,-1,,0.0,0.0,,-1,,0.0,0.0,,-1,,0.0,0.0,,-1,,0.0,0.0,,ground_5_frame_0,empty,32.107235100960274,-21.59114954858036,,0,0,0,0,0,0,0,0,0,0,0,0,0,0,0,0,0,0,-0.4587448624503544,0.2785999467,-0.001,-0.0361507385969162,0.0,0.2114486545324325,0.0,0.0,0.0,0.0,0.0,0.0,0.0,0.0,0.0,0.0,0.0,0.0,0.0,0.0,-1.0359734959574851,-0.2173984788809182,-0.1356097171641046,0.8271668665192351,0.0704963774324061,-0.0361507385969162,0.0066807270050048,0.0,0.0,0.0,0.0,0.0,0.0,0.0,0.0,0.0,0.0,0.0,0.0,0.0,0.0,0.0,0.0
2025-07-16,05:05:36.055079,41203.02844047546,UnloadPallet,False,autonomous,False,0.0,0.0,0.0,0.0,-1.6515302126646303,30.552932813468743,30.552932813468743,-1,,0.0,0.0,,-1,,0.0,0.0,,-1,,0.0,0.0,,-1,,0.0,0.0,,-1,,0.0,0.0,,ground_5_frame_0,empty,32.107235100960274,-21.59114954858036,,0,0,0,0,0,0,0,0,0,0,0,0,0,0,0,0,0,0,-0.4587448624503544,0.2785999467,-0.001,-0.0361507385969162,0.0,0.2114486545324325,0.0,0.0,0.0,0.0,0.0,0.0,0.0,0.0,0.0,0.0,0.0,0.0,0.0,0.0,-1.0359734959574851,-0.2173984788809182,-0.1356097171641046,0.8271668665192351,0.0704963774324061,-0.0361507385969162,0.0066807270050048,0.0,0.0,0.0,0.0,0.0,0.0,0.0,0.0,0.0,0.0,0.0,0.0,0.0,0.0,0.0,0.0
2025-07-16,05:05:36.055079,41203.02844047546,UnloadPallet,False,autonomous,False,0.0,0.0,0.0,0.0,-1.6515302126646303,30.552932813468743,30.552932813468743,-1,,0.0,0.0,,-1,,0.0,0.0,,-1,,0.0,0.0,,-1,,0.0,0.0,,-1,,0.0,0.0,,ground_5_frame_0,empty,32.107235100960274,-21.59114954858036,,0,0,0,0,0,0,0,0,0,0,0,0,0,0,0,0,0,0,-0.4587448624503544,0.2785999467,-0.001,-0.0361507385969162,0.0,0.2114486545324325,0.0,0.0,0.0,0.0,0.0,0.0,0.0,0.0,0.0,0.0,0.0,0.0,0.0,0.0,-1.0359734959574851,-0.2173984788809182,-0.1356097171641046,0.8271668665192351,0.0704963774324061,-0.0361507385969162,0.0066807270050048,0.0,0.0,0.0,0.0,0.0,0.0,0.0,0.0,0.0,0.0,0.0,0.0,0.0,0.0,0.0,0.0
2025-07-16,05:05:36.055079,41203.02844047546,UnloadPallet,False,autonomous,False,0.0,0.0,0.0,0.0,-1.6515302126646303,30.552932813468743,30.552932813468743,-1,,0.0,0.0,,-1,,0.0,0.0,,-1,,0.0,0.0,,-1,,0.0,0.0,,-1,,0.0,0.0,,ground_5_frame_0,empty,32.107235100960274,-21.59114954858036,,0,0,0,0,0,0,0,0,0,0,0,0,0,0,0,0,0,0,-0.4587448624503544,0.2785999467,-0.001,-0.0361507385969162,0.0,0.2114486545324325,0.0,0.0,0.0,0.0,0.0,0.0,0.0,0.0,0.0,0.0,0.0,0.0,0.0,0.0,-1.0359734959574851,-0.2173984788809182,-0.1356097171641046,0.8271668665192351,0.0704963774324061,-0.0361507385969162,0.0066807270050048,0.0,0.0,0.0,0.0,0.0,0.0,0.0,0.0,0.0,0.0,0.0,0.0,0.0,0.0,0.0,0.0
2025-07-16,05:05:36.134116,41282.065868377686,UnloadPallet,False,autonomous,False,0.0,0.0,0.0,0.0,-1.6515302126646303,30.56704392677316,30.56704392677316,-1,,0.0,0.0,,-1,,0.0,0.0,,-1,,0.0,0.0,,-1,,0.0,0.0,,-1,,0.0,0.0,,ground_5_frame_0,empty,32.107235100960274,-21.59114954858036,,0,0,0,0,0,0,0,0,0,0,0,0,0,0,0,0,0,0,-0.4587448624503544,0.2785999467,-0.009,-0.0361656546592712,0.0,0.2110334485769271,0.0,0.0,0.0,0.0,0.0,0.0,0.0,0.0,0.0,0.0,0.0,0.0,0.0,0.0,-1.0480401982284775,-0.2147089290959005,-0.135930673565466,0.7757956259154639,0.0704963774324061,-0.0361656546592712,0.006164014339447,0.0,0.0,0.0,0.0,0.0,0.0,0.0,0.0,0.0,0.0,0.0,0.0,0.0,0.0,0.0,0.0
2025-07-16,05:05:36.170994,41318.9435005188,UnloadPallet,False,autonomous,False,0.0,0.0,0.0,0.0,-1.643988978816847,30.577770793719324,30.577770793719324,-1,,0.0,0.0,,-1,,0.0,0.0,,-1,,0.0,0.0,,-1,,0.0,0.0,,-1,,0.0,0.0,,ground_5_frame_0,empty,32.107235100960274,-21.59114954858036,,0,0,0,0,0,0,0,0,0,0,0,0,0,0,0,0,0,0,-0.4566501370510377,0.2785999467,-0.009,-0.0361806638538837,0.0,0.2106183320283889,0.0,0.0,0.0,0.0,0.0,0.0,0.0,0.0,0.0,0.0,0.0,0.0,0.0,0.0,-1.0857004797882368,-0.2117391114456701,-0.1363470493357462,0.721942941551049,0.0704963774324061,-0.0361806638538837,-0.0001338124275207,0.0,0.0,0.0,0.0,0.0,0.0,0.0,0.0,0.0,0.0,0.0,0.0,0.0,0.0,0.0,0.0
2025-07-16,05:05:36.213133,41361.08207702637,UnloadPallet,False,autonomous,False,0.0,0.0,0.0,0.0,-1.5819188233004733,30.60992527821036,30.60992527821036,-1,,0.0,0.0,,-1,,0.0,0.0,,-1,,0.0,0.0,,-1,,0.0,0.0,,-1,,0.0,0.0,,ground_5_frame_0,empty,32.107235100960274,-21.59114954858036,,0,0,0,0,0,0,0,0,0,0,0,0,0,0,0,0,0,0,-0.4394089356874311,0.2785999467,-0.013,-0.0364991016685962,0.0,0.2104176729917526,0.0,0.0,0.0,0.0,0.0,0.0,0.0,0.0,0.0,0.0,0.0,0.0,0.0,0.0,-1.1222274510767036,-0.2081487638612404,-0.1373690900477736,0.6791239443318773,0.0704963774324061,-0.0364991016685962,-0.0036482810974121,0.0,0.0,0.0,0.0,0.0,0.0,0.0,0.0,0.0,0.0,0.0,0.0,0.0,0.0,0.0,0.0
2025-07-16,05:05:36.334347,41482.29694366455,UnloadPallet,False,autonomous,False,0.0,0.0,0.0,0.0,-0.8208342995856875,30.63037142094364,30.63037142094364,-1,,0.0,0.0,,-1,,0.0,0.0,,-1,,0.0,0.0,,-1,,0.0,0.0,,-1,,0.0,0.0,,ground_5_frame_0,empty,32.107235100960274,-21.59114954858036,,0,0,0,0,0,0,0,0,0,0,0,0,0,0,0,0,0,0,-0.2280028030794701,0.2785999467,-0.021,-0.0356175154447555,0.0,0.2089030295610427,0.0,0.0,0.0,0.0,0.0,0.0,0.0,0.0,0.0,0.0,0.0,0.0,0.0,0.0,-1.1515405591938477,-0.2009795757363726,-0.1381170427083144,0.6181734275138808,0.0704963774324061,-0.0356175154447555,0.005762755870819,0.0,0.0,0.0,0.0,0.0,0.0,0.0,0.0,0.0,0.0,0.0,0.0,0.0,0.0,0.0,0.0
2025-07-16,05:05:36.334347,41482.29694366455,UnloadPallet,False,autonomous,False,0.0,0.0,0.0,0.0,-0.8208342995856875,30.63037142094364,30.63037142094364,-1,,0.0,0.0,,-1,,0.0,0.0,,-1,,0.0,0.0,,-1,,0.0,0.0,,-1,,0.0,0.0,,ground_5_frame_0,empty,32.107235100960274,-21.59114954858036,,0,0,0,0,0,0,0,0,0,0,0,0,0,0,0,0,0,0,-0.2280028030794701,0.2785999467,-0.021,-0.0356175154447555,0.0,0.2089030295610427,0.0,0.0,0.0,0.0,0.0,0.0,0.0,0.0,0.0,0.0,0.0,0.0,0.0,0.0,-1.1657679313252842,-0.2007078913204285,-0.1386196344059049,0.6256097547172885,0.0704963774324061,-0.0356175154447555,0.005762755870819,0.0,0.0,0.0,0.0,0.0,0.0,0.0,0.0,0.0,0.0,0.0,0.0,0.0,0.0,0.0,0.0
2025-07-16,05:05:36.371423,41519.37222480774,UnloadPallet,False,autonomous,False,0.0,0.0,0.0,0.0,-0.4669764036512214,30.638012103878587,30.638012103878587,-1,,0.0,0.0,,-1,,0.0,0.0,,-1,,0.0,0.0,,-1,,0.0,0.0,,-1,,0.0,0.0,,ground_5_frame_0,empty,32.107235100960274,-21.59114954858036,,0,0,0,0,0,0,0,0,0,0,0,0,0,0,0,0,0,0,-0.1297118420346102,0.2785999467,-0.025,-0.0356175154447555,0.0,0.2089030295610427,0.0,0.0,0.0,0.0,0.0,0.0,0.0,0.0,0.0,0.0,0.0,0.0,0.0,0.0,-1.1776056559048698,-0.1976914163971947,-0.1388685336303085,0.5916493609920224,0.0704963774324061,-0.0356175154447555,-5.960464477539064e-08,0.0,0.0,0.0,0.0,0.0,0.0,0.0,0.0,0.0,0.0,0.0,0.0,0.0,0.0,0.0,0.0
2025-07-16,05:05:36.450979,41598.928451538086,UnloadPallet,False,autonomous,False,0.0,0.0,0.0,0.0,0.0,30.640125888926164,30.640125888926164,-1,,0.0,0.0,,-1,,0.0,0.0,,-1,,0.0,0.0,,-1,,0.0,0.0,,-1,,0.0,0.0,,ground_5_frame_0,empty,32.107235100960274,-21.59114954858036,,0,0,0,0,0,0,0,0,0,0,0,0,0,0,0,0,0,0,0.0,0.2785999467,-0.029,-0.0356236547231674,0.0,0.2093090564012527,0.0,0.0,0.0,0.0,0.0,0.0,0.0,0.0,0.0,0.0,0.0,0.0,0.0,0.0,-1.1769922806644075,-0.1945398708583887,-0.1387215547775931,0.5741913636254594,0.0704963774324061,-0.0356236547231674,-0.0091593861579895,0.0,0.0,0.0,0.0,0.0,0.0,0.0,0.0,0.0,0.0,0.0,0.0,0.0,0.0,0.0,0.0
2025-07-16,05:05:36.531249,41679.19874191284,UnloadPallet,False,autonomous,False,0.0,0.0,0.0,0.0,0.0,30.640120090757897,30.640120090757897,-1,,0.0,0.0,,-1,,0.0,0.0,,-1,,0.0,0.0,,-1,,0.0,0.0,,-1,,0.0,0.0,,ground_5_frame_0,empty,32.107235100960274,-21.59114954858036,,0,0,0,0,0,0,0,0,0,0,0,0,0,0,0,0,0,0,0.0,0.2785999467,-0.033,-0.0356175154447555,0.0,0.2089030295610427,0.0,0.0,0.0,0.0,0.0,0.0,0.0,0.0,0.0,0.0,0.0,0.0,0.0,0.0,-1.180896649159159,-0.1904336025225124,-0.1387824842662748,0.5678274389852902,0.0704963774324061,-0.0356175154447555,0.0086079239845275,0.0,0.0,0.0,0.0,0.0,0.0,0.0,0.0,0.0,0.0,0.0,0.0,0.0,0.0,0.0,0.0
2025-07-16,05:05:36.573836,41721.78530693054,UnloadPallet,False,autonomous,False,0.0,0.0,0.0,0.0,-0.0614900606050055,30.63686806330324,30.63686806330324,-1,,0.0,0.0,,-1,,0.0,0.0,,-1,,0.0,0.0,,-1,,0.0,0.0,,-1,,0.0,0.0,,ground_5_frame_0,empty,32.107235100960274,-21.59114954858036,,0,0,0,0,0,0,0,0,0,0,0,0,0,0,0,0,0,0,-0.0170800686405822,0.2785999467,-0.037,-0.0356377102434635,0.0,0.2088941037654876,0.0,0.0,0.0,0.0,0.0,0.0,0.0,0.0,0.0,0.0,0.0,0.0,0.0,0.0,-1.1808801075980997,-0.1865167683223241,-0.138712877870984,0.5601889285520087,0.0704963774324061,-0.0356377102434635,-0.0010207295417785,0.0,0.0,0.0,0.0,0.0,0.0,0.0,0.0,0.0,0.0,0.0,0.0,0.0,0.0,0.0,0.0
2025-07-16,05:05:36.612950,41760.89930534363,UnloadPallet,False,autonomous,False,0.0,0.0,0.0,0.0,0.0,30.637111099540487,30.637111099540487,-1,,0.0,0.0,,-1,,0.0,0.0,,-1,,0.0,0.0,,-1,,0.0,0.0,,-1,,0.0,0.0,,ground_5_frame_0,empty,32.107235100960274,-21.59114954858036,,0,0,0,0,0,0,0,0,0,0,0,0,0,0,0,0,0,0,0.0,0.2785999467,-0.041,-0.0359553769230842,0.0,0.2086933851242065,0.0,0.0,0.0,0.0,0.0,0.0,0.0,0.0,0.0,0.0,0.0,0.0,0.0,0.0,-1.176523159167445,-0.1821972089827817,-0.1388742560581618,0.5738491906471381,0.0704963774324061,-0.0359553769230842,-0.0062286257743835,0.0,0.0,0.0,0.0,0.0,0.0,0.0,0.0,0.0,0.0,0.0,0.0,0.0,0.0,0.0,0.0
2025-07-16,05:05:36.651737,41799.68690872192,UnloadPallet,False,autonomous,False,0.0,0.0,0.0,0.0,-0.1432834431078903,30.622551677265243,30.622551677265243,-1,,0.0,0.0,,-1,,0.0,0.0,,-1,,0.0,0.0,,-1,,0.0,0.0,,-1,,0.0,0.0,,ground_5_frame_0,empty,32.107235100960274,-21.59114954858036,,0,0,0,0,0,0,0,0,0,0,0,0,0,0,0,0,0,0,-0.039799782587017,0.2785999467,-0.041,-0.0355795137584209,0.0,0.2097432017326355,0.0,0.0,0.0,0.0,0.0,0.0,0.0,0.0,0.0,0.0,0.0,0.0,0.0,0.0,-1.176523159167445,-0.1821972089827817,-0.1388742560581618,0.5738491906471381,0.0704963774324061,-0.0355795137584209,0.0075898766517639,0.0,0.0,0.0,0.0,0.0,0.0,0.0,0.0,0.0,0.0,0.0,0.0,0.0,0.0,0.0,0.0
2025-07-16,05:05:36.811177,41959.12671089172,UnloadPallet,False,autonomous,False,0.0,0.0,0.0,0.0,0.0,30.62726848986014,30.62726848986014,-1,,0.0,0.0,,-1,,0.0,0.0,,-1,,0.0,0.0,,-1,,0.0,0.0,,-1,,0.0,0.0,,ground_5_frame_0,empty,32.107235100960274,-21.59114954858036,,0,0,0,0,0,0,0,0,0,0,0,0,0,0,0,0,0,0,0.0,0.2785999467,-0.053,-0.0353399738669395,0.0,0.2090860158205032,0.0,0.0,0.0,0.0,0.0,0.0,0.0,0.0,0.0,0.0,0.0,0.0,0.0,0.0,-1.1619032379492822,-0.1702541232067957,-0.1385367738635672,0.5815608058250348,0.0704963774324061,-0.0353399738669395,0.0049853920936584,0.0,0.0,0.0,0.0,0.0,0.0,0.0,0.0,0.0,0.0,0.0,0.0,0.0,0.0,0.0,0.0
2025-07-16,05:05:36.853898,42001.84774398804,UnloadPallet,False,autonomous,False,0.0,0.0,0.0,0.0,0.0,30.621516117408323,30.621516117408323,-1,,0.0,0.0,,-1,,0.0,0.0,,-1,,0.0,0.0,,-1,,0.0,0.0,,-1,,0.0,0.0,,ground_5_frame_0,empty,32.107235100960274,-21.59114954858036,,0,0,0,0,0,0,0,0,0,0,0,0,0,0,0,0,0,0,0.0,0.2785999467,-0.056,-0.0352961272001266,0.0,0.2095199227333068,0.0,0.0,0.0,0.0,0.0,0.0,0.0,0.0,0.0,0.0,0.0,0.0,0.0,0.0,-1.1536374439264634,-0.1660683913615361,-0.1383291015590686,0.5905852947652761,0.0704963774324061,-0.0352961272001266,0.0010967850685119,0.0,0.0,0.0,0.0,0.0,0.0,0.0,0.0,0.0,0.0,0.0,0.0,0.0,0.0,0.0,0.0
2025-07-16,05:05:36.934165,42082.11493492127,UnloadPallet,False,autonomous,False,0.0,0.0,0.0,0.0,0.0,30.622395122469985,30.622395122469985,-1,,0.0,0.0,,-1,,0.0,0.0,,-1,,0.0,0.0,,-1,,0.0,0.0,,-1,,0.0,0.0,,ground_5_frame_0,empty,32.107235100960274,-21.59114954858036,,0,0,0,0,0,0,0,0,0,0,0,0,0,0,0,0,0,0,0.0,0.2785999467,-0.06,-0.0356578715145587,0.0,0.208885371685028,0.0,0.0,0.0,0.0,0.0,0.0,0.0,0.0,0.0,0.0,0.0,0.0,0.0,0.0,-1.1549005714521314,-0.1634877661978233,-0.1381871972482191,0.5816465254951027,0.0704963774324061,-0.0356578715145587,-0.0009521842002868,0.0,0.0,0.0,0.0,0.0,0.0,0.0,0.0,0.0,0.0,0.0,0.0,0.0,0.0,0.0,0.0
2025-07-16,05:05:36.974514,42122.46346473694,UnloadPallet,False,autonomous,False,0.0,0.0,0.0,0.0,0.0,30.621552541329425,30.621552541329425,-1,,0.0,0.0,,-1,,0.0,0.0,,-1,,0.0,0.0,,-1,,0.0,0.0,,-1,,0.0,0.0,,ground_5_frame_0,empty,32.107235100960274,-21.59114954858036,,0,0,0,0,0,0,0,0,0,0,0,0,0,0,0,0,0,0,0.0,0.2785999467,-0.064,-0.0353399738669395,0.0,0.2090860158205032,0.0,0.0,0.0,0.0,0.0,0.0,0.0,0.0,0.0,0.0,0.0,0.0,0.0,0.0,-1.154239635201833,-0.1641381297956474,-0.1382800366257512,0.5486216948638685,0.0704963774324061,-0.0353399738669395,0.0061460733413696,0.0,0.0,0.0,0.0,0.0,0.0,0.0,0.0,0.0,0.0,0.0,0.0,0.0,0.0,0.0,0.0
2025-07-16,05:05:37.010903,42158.85281562805,UnloadPallet,False,autonomous,False,0.0,0.0,0.0,0.0,0.0,30.621632160028994,30.621632160028994,-1,,0.0,0.0,,-1,,0.0,0.0,,-1,,0.0,0.0,,-1,,0.0,0.0,,-1,,0.0,0.0,,ground_5_frame_0,empty,32.107235100960274,-21.59114954858036,,0,0,0,0,0,0,0,0,0,0,0,0,0,0,0,0,0,0,0.0,0.2785999467,-0.064,-0.0356439501047134,0.0,0.2093002498149871,0.0,0.0,0.0,0.0,0.0,0.0,0.0,0.0,0.0,0.0,0.0,0.0,0.0,0.0,-1.1542627525752067,-0.155616224520882,-0.1384180671360937,0.5682237534651335,0.0704963774324061,-0.0356439501047134,-0.009015142917633,0.0,0.0,0.0,0.0,0.0,0.0,0.0,0.0,0.0,0.0,0.0,0.0,0.0,0.0,0.0,0.0
2025-07-16,05:05:37.052227,42200.17647743225,UnloadPallet,False,autonomous,False,0.0,0.0,0.0,0.0,0.0,30.620294088126613,30.620294088126613,-1,,0.0,0.0,,-1,,0.0,0.0,,-1,,0.0,0.0,,-1,,0.0,0.0,,-1,,0.0,0.0,,ground_5_frame_0,empty,32.107235100960274,-21.59114954858036,,0,0,0,0,0,0,0,0,0,0,0,0,0,0,0,0,0,0,0.0,0.2785999467,-0.068,-0.0353542529046535,0.0,0.2086710184812545,0.0,0.0,0.0,0.0,0.0,0.0,0.0,0.0,0.0,0.0,0.0,0.0,0.0,0.0,-1.1524972475621666,-0.1559213366020273,-0.1383592543804237,0.5503991003134274,0.0704963774324061,-0.0353542529046535,0.0028678774833679,0.0,0.0,0.0,0.0,0.0,0.0,0.0,0.0,0.0,0.0,0.0,0.0,0.0,0.0,0.0,0.0
2025-07-16,05:05:37.175490,42323.43912124634,UnloadPallet,False,autonomous,False,0.0,0.0,0.0,0.0,0.0,30.61766643279253,30.61766643279253,-1,,0.0,0.0,,-1,,0.0,0.0,,-1,,0.0,0.0,,-1,,0.0,0.0,,-1,,0.0,0.0,,ground_5_frame_0,empty,32.107235100960274,-21.59114954858036,,0,0,0,0,0,0,0,0,0,0,0,0,0,0,0,0,0,0,0.0,0.2785999467,-0.08,-0.035599835216999,0.0,0.2097344249486923,0.0,0.0,0.0,0.0,0.0,0.0,0.0,0.0,0.0,0.0,0.0,0.0,0.0,0.0,-1.1489118992575769,-0.1471327011351775,-0.1381214715526934,0.5714681563854924,0.0704963774324061,-0.035599835216999,-0.009023368358612,0.0,0.0,0.0,0.0,0.0,0.0,0.0,0.0,0.0,0.0,0.0,0.0,0.0,0.0,0.0,0.0
2025-07-16,05:05:37.214094,42362.04385757446,UnloadPallet,False,autonomous,False,0.0,0.0,0.0,0.0,0.0,30.6178569429018,30.6178569429018,-1,,0.0,0.0,,-1,,0.0,0.0,,-1,,0.0,0.0,,-1,,0.0,0.0,,-1,,0.0,0.0,,ground_5_frame_0,empty,32.107235100960274,-21.59114954858036,,0,0,0,0,0,0,0,0,0,0,0,0,0,0,0,0,0,0,0.0,0.2785999467,-0.08,-0.035599835216999,0.0,0.2097344249486923,0.0,0.0,0.0,0.0,0.0,0.0,0.0,0.0,0.0,0.0,0.0,0.0,0.0,0.0,-1.1491846623132531,-0.1398336105190267,-0.1380993413478016,0.5483858701640258,0.0704963774324061,-0.035599835216999,-0.009023368358612,0.0,0.0,0.0,0.0,0.0,0.0,0.0,0.0,0.0,0.0,0.0,0.0,0.0,0.0,0.0,0.0
2025-07-16,05:05:37.255751,42403.70011329651,UnloadPallet,False,autonomous,False,0.0,0.0,0.0,0.0,0.0,30.617430697696552,30.617430697696552,-1,,0.0,0.0,,-1,,0.0,0.0,,-1,,0.0,0.0,,-1,,0.0,0.0,,-1,,0.0,0.0,,ground_5_frame_0,empty,32.107235100960274,-21.59114954858036,,0,0,0,0,0,0,0,0,0,0,0,0,0,0,0,0,0,0,0.0,0.2785999467,-0.082,-0.0352818109095096,0.0,0.2099348306655883,0.0,0.0,0.0,0.0,0.0,0.0,0.0,0.0,0.0,0.0,0.0,0.0,0.0,0.0,-1.1488453330638748,-0.1395220714756266,-0.1380229235649981,0.5494779854510341,0.0704963774324061,-0.0352818109095096,-0.0027343034744262,0.0,0.0,0.0,0.0,0.0,0.0,0.0,0.0,0.0,0.0,0.0,0.0,0.0,0.0,0.0,0.0
2025-07-16,05:05:37.334198,42482.146978378296,UnloadPallet,False,autonomous,False,0.0,0.0,0.0,0.0,0.0,30.61742939098094,30.61742939098094,-1,,0.0,0.0,,-1,,0.0,0.0,,-1,,0.0,0.0,,-1,,0.0,0.0,,-1,,0.0,0.0,,ground_5_frame_0,empty,32.107235100960274,-21.59114954858036,,0,0,0,0,0,0,0,0,0,0,0,0,0,0,0,0,0,0,0.0,0.2785999467,-0.083,-0.0353542529046535,0.0,0.2086710184812545,0.0,0.0,0.0,0.0,0.0,0.0,0.0,0.0,0.0,0.0,0.0,0.0,0.0,0.0,-1.1487233424119765,-0.1369607755283457,-0.1378847884089482,0.5719054175685869,0.0704963774324061,-0.0353542529046535,-0.0013728737831115,0.0,0.0,0.0,0.0,0.0,0.0,0.0,0.0,0.0,0.0,0.0,0.0,0.0,0.0,0.0,0.0
2025-07-16,05:05:37.374631,42522.58038520813,UnloadPallet,False,autonomous,False,0.0,0.0,0.0,0.0,0.0,30.61732022509517,30.61732022509517,-1,,0.0,0.0,,-1,,0.0,0.0,,-1,,0.0,0.0,,-1,,0.0,0.0,,-1,,0.0,0.0,,ground_5_frame_0,empty,32.107235100960274,-21.59114954858036,,0,0,0,0,0,0,0,0,0,0,0,0,0,0,0,0,0,0,0.0,0.2785999467,-0.083,-0.0352818109095096,0.0,0.2099348306655883,0.0,0.0,0.0,0.0,0.0,0.0,0.0,0.0,0.0,0.0,0.0,0.0,0.0,0.0,-1.1488379423943869,-0.1377029416890689,-0.137887563505713,0.5493795887094848,0.0704963774324061,-0.0352818109095096,0.0015088319778442,0.0,0.0,0.0,0.0,0.0,0.0,0.0,0.0,0.0,0.0,0.0,0.0,0.0,0.0,0.0,0.0
2025-07-16,05:05:37.410928,42558.87794494629,UnloadPallet,False,autonomous,False,0.0,0.0,0.0,0.0,0.0,30.61731595694162,30.61731595694162,-1,,0.0,0.0,,-1,,0.0,0.0,,-1,,0.0,0.0,,-1,,0.0,0.0,,-1,,0.0,0.0,,ground_5_frame_0,empty,32.107235100960274,-21.59114954858036,,0,0,0,0,0,0,0,0,0,0,0,0,0,0,0,0,0,0,0.0,0.2785999467,-0.084,-0.0356439501047134,0.0,0.2093002498149871,0.0,0.0,0.0,0.0,0.0,0.0,0.0,0.0,0.0,0.0,0.0,0.0,0.0,0.0,-1.1488233965475985,-0.1366023418890165,-0.1378601553968824,0.5517355797213668,0.0704963774324061,-0.0356439501047134,-0.0065593719482421,0.0,0.0,0.0,0.0,0.0,0.0,0.0,0.0,0.0,0.0,0.0,0.0,0.0,0.0,0.0,0.0
2025-07-16,05:05:37.452264,42600.213050842285,UnloadPallet,False,autonomous,False,0.0,0.0,0.0,0.0,0.0,30.61731595694162,30.61731595694162,-1,,0.0,0.0,,-1,,0.0,0.0,,-1,,0.0,0.0,,-1,,0.0,0.0,,-1,,0.0,0.0,,ground_5_frame_0,empty,32.107235100960274,-21.59114954858036,,0,0,0,0,0,0,0,0,0,0,0,0,0,0,0,0,0,0,0.0,0.2785999467,-0.085,-0.0356439501047134,0.0,0.2093002498149871,0.0,0.0,0.0,0.0,0.0,0.0,0.0,0.0,0.0,0.0,0.0,0.0,0.0,0.0,-1.1488233965475985,-0.1366023418890165,-0.1378601553968824,0.5517355797213668,0.0704963774324061,-0.0356439501047134,-0.0031409859657287,0.0,0.0,0.0,0.0,0.0,0.0,0.0,0.0,0.0,0.0,0.0,0.0,0.0,0.0,0.0,0.0
2025-07-16,05:05:37.452264,42600.213050842285,UnloadPallet,False,autonomous,False,0.0,0.0,0.0,0.0,0.0,30.61731595694162,30.61731595694162,-1,,0.0,0.0,,-1,,0.0,0.0,,-1,,0.0,0.0,,-1,,0.0,0.0,,-1,,0.0,0.0,,ground_5_frame_0,empty,32.107235100960274,-21.59114954858036,,0,0,0,0,0,0,0,0,0,0,0,0,0,0,0,0,0,0,0.0,0.2785999467,-0.085,-0.0356439501047134,0.0,0.2093002498149871,0.0,0.0,0.0,0.0,0.0,0.0,0.0,0.0,0.0,0.0,0.0,0.0,0.0,0.0,-1.1488233965475985,-0.1366023418890165,-0.1378601553968824,0.5517355797213668,0.0704963774324061,-0.0356439501047134,-0.0031409859657287,0.0,0.0,0.0,0.0,0.0,0.0,0.0,0.0,0.0,0.0,0.0,0.0,0.0,0.0,0.0,0.0
2025-07-16,05:05:37.452264,42600.213050842285,UnloadPallet,False,autonomous,False,0.0,0.0,0.0,0.0,0.0,30.617254316820564,30.617254316820564,-1,,0.0,0.0,,-1,,0.0,0.0,,-1,,0.0,0.0,,-1,,0.0,0.0,,-1,,0.0,0.0,,ground_5_frame_0,empty,32.107235100960274,-21.59114954858036,,0,0,0,0,0,0,0,0,0,0,0,0,0,0,0,0,0,0,0.0,0.2785999467,-0.085,-0.0356439501047134,0.0,0.2093002498149871,0.0,0.0,0.0,0.0,0.0,0.0,0.0,0.0,0.0,0.0,0.0,0.0,0.0,0.0,-1.1488233965475985,-0.1366023418890165,-0.1378601553968824,0.5517355797213668,0.0704963774324061,-0.0356439501047134,-0.0031409859657287,0.0,0.0,0.0,0.0,0.0,0.0,0.0,0.0,0.0,0.0,0.0,0.0,0.0,0.0,0.0,0.0
2025-07-16,05:05:37.452264,42600.213050842285,UnloadPallet,False,autonomous,False,0.0,0.0,0.0,0.0,0.0,30.617254316820564,30.617254316820564,-1,,0.0,0.0,,-1,,0.0,0.0,,-1,,0.0,0.0,,-1,,0.0,0.0,,-1,,0.0,0.0,,ground_5_frame_0,empty,32.107235100960274,-21.59114954858036,,0,0,0,0,0,0,0,0,0,0,0,0,0,0,0,0,0,0,0.0,0.2785999467,-0.085,-0.0356439501047134,0.0,0.2093002498149871,0.0,0.0,0.0,0.0,0.0,0.0,0.0,0.0,0.0,0.0,0.0,0.0,0.0,0.0,-1.1488233965475985,-0.1366023418890165,-0.1378601553968824,0.5517355797213668,0.0704963774324061,-0.0356439501047134,-0.0031409859657287,0.0,0.0,0.0,0.0,0.0,0.0,0.0,0.0,0.0,0.0,0.0,0.0,0.0,0.0,0.0,0.0
2025-07-16,05:05:37.452264,42600.213050842285,UnloadPallet,False,autonomous,False,0.0,0.0,0.0,0.0,0.0,30.617254316820564,30.617254316820564,-1,,0.0,0.0,,-1,,0.0,0.0,,-1,,0.0,0.0,,-1,,0.0,0.0,,-1,,0.0,0.0,,ground_5_frame_0,empty,32.107235100960274,-21.59114954858036,,0,0,0,0,0,0,0,0,0,0,0,0,0,0,0,0,0,0,0.0,0.2785999467,-0.085,-0.0356439501047134,0.0,0.2093002498149871,0.0,0.0,0.0,0.0,0.0,0.0,0.0,0.0,0.0,0.0,0.0,0.0,0.0,0.0,-1.149190678116014,-0.1370569702078139,-0.1380842521905748,0.5015342141329882,0.0704963774324061,-0.0356439501047134,-0.0031409859657287,0.0,0.0,0.0,0.0,0.0,0.0,0.0,0.0,0.0,0.0,0.0,0.0,0.0,0.0,0.0,0.0
2025-07-16,05:05:37.491061,42639.0106678009,UnloadPallet,False,autonomous,False,0.0,0.0,0.0,0.0,0.0,30.617254316820564,30.617254316820564,-1,,0.0,0.0,,-1,,0.0,0.0,,-1,,0.0,0.0,,-1,,0.0,0.0,,-1,,0.0,0.0,,ground_5_frame_0,empty,32.107235100960274,-21.59114954858036,,0,0,0,0,0,0,0,0,0,0,0,0,0,0,0,0,0,0,0.0,0.2785999467,-0.085,-0.0352961272001266,0.0,0.2095199227333068,0.0,0.0,0.0,0.0,0.0,0.0,0.0,0.0,0.0,0.0,0.0,0.0,0.0,0.0,-1.149190678116014,-0.1370569702078139,-0.1380842521905748,0.5015342141329882,0.0704963774324061,-0.0352961272001266,0.0066965818405151,0.0,0.0,0.0,0.0,0.0,0.0,0.0,0.0,0.0,0.0,0.0,0.0,0.0,0.0,0.0,0.0
2025-07-16,05:05:37.491061,42639.0106678009,UnloadPallet,False,autonomous,False,0.0,0.0,0.0,0.0,0.0,30.6172497323724,30.6172497323724,-1,,0.0,0.0,,-1,,0.0,0.0,,-1,,0.0,0.0,,-1,,0.0,0.0,,-1,,0.0,0.0,,ground_5_frame_0,empty,32.107235100960274,-21.59114954858036,,0,0,0,0,0,0,0,0,0,0,0,0,0,0,0,0,0,0,0.0,0.2785999467,-0.085,-0.0352961272001266,0.0,0.2095199227333068,0.0,0.0,0.0,0.0,0.0,0.0,0.0,0.0,0.0,0.0,0.0,0.0,0.0,0.0,-1.149190678116014,-0.1370569702078139,-0.1380842521905748,0.5015342141329882,0.0704963774324061,-0.0352961272001266,0.0066965818405151,0.0,0.0,0.0,0.0,0.0,0.0,0.0,0.0,0.0,0.0,0.0,0.0,0.0,0.0,0.0,0.0
2025-07-16,05:05:37.491061,42639.0106678009,UnloadPallet,False,autonomous,False,0.0,0.0,0.0,0.0,0.0,30.6172497323724,30.6172497323724,-1,,0.0,0.0,,-1,,0.0,0.0,,-1,,0.0,0.0,,-1,,0.0,0.0,,-1,,0.0,0.0,,ground_5_frame_0,empty,32.107235100960274,-21.59114954858036,,0,0,0,0,0,0,0,0,0,0,0,0,0,0,0,0,0,0,0.0,0.2785999467,-0.085,-0.0352961272001266,0.0,0.2095199227333068,0.0,0.0,0.0,0.0,0.0,0.0,0.0,0.0,0.0,0.0,0.0,0.0,0.0,0.0,-1.149190678116014,-0.1370569702078139,-0.1380842521905748,0.5015342141329882,0.0704963774324061,-0.0352961272001266,0.0066965818405151,0.0,0.0,0.0,0.0,0.0,0.0,0.0,0.0,0.0,0.0,0.0,0.0,0.0,0.0,0.0,0.0
2025-07-16,05:05:37.491061,42639.0106678009,UnloadPallet,False,autonomous,False,0.0,0.0,0.0,0.0,0.0,30.6172497323724,30.6172497323724,-1,,0.0,0.0,,-1,,0.0,0.0,,-1,,0.0,0.0,,-1,,0.0,0.0,,-1,,0.0,0.0,,ground_5_frame_0,empty,32.107235100960274,-21.59114954858036,,0,0,0,0,0,0,0,0,0,0,0,0,0,0,0,0,0,0,0.0,0.2785999467,-0.085,-0.0352961272001266,0.0,0.2095199227333068,0.0,0.0,0.0,0.0,0.0,0.0,0.0,0.0,0.0,0.0,0.0,0.0,0.0,0.0,-1.1491571833294785,-0.1358237531034909,-0.1380813165303517,0.5073742973204389,0.0704963774324061,-0.0352961272001266,0.0066965818405151,0.0,0.0,0.0,0.0,0.0,0.0,0.0,0.0,0.0,0.0,0.0,0.0,0.0,0.0,0.0,0.0
2025-07-16,05:05:37.491061,42639.0106678009,UnloadPallet,False,autonomous,False,0.0,0.0,0.0,0.0,0.0,30.6172497323724,30.6172497323724,-1,,0.0,0.0,,-1,,0.0,0.0,,-1,,0.0,0.0,,-1,,0.0,0.0,,-1,,0.0,0.0,,ground_5_frame_0,empty,32.107235100960274,-21.59114954858036,,0,0,0,0,0,0,0,0,0,0,0,0,0,0,0,0,0,0,0.0,0.2785999467,-0.085,-0.0352961272001266,0.0,0.2095199227333068,0.0,0.0,0.0,0.0,0.0,0.0,0.0,0.0,0.0,0.0,0.0,0.0,0.0,0.0,-1.1491571833294785,-0.1358237531034909,-0.1380813165303517,0.5073742973204389,0.0704963774324061,-0.0352961272001266,0.0066965818405151,0.0,0.0,0.0,0.0,0.0,0.0,0.0,0.0,0.0,0.0,0.0,0.0,0.0,0.0,0.0,0.0
2025-07-16,05:05:37.533139,42681.08892440796,UnloadPallet,False,autonomous,False,0.0,0.0,0.0,0.0,0.0,30.6172497323724,30.6172497323724,-1,,0.0,0.0,,-1,,0.0,0.0,,-1,,0.0,0.0,,-1,,0.0,0.0,,-1,,0.0,0.0,,ground_5_frame_0,empty,32.107235100960274,-21.59114954858036,,0,0,0,0,0,0,0,0,0,0,0,0,0,0,0,0,0,0,0.0,0.2785999467,-0.087,-0.0353603102266788,0.0,0.2090772688388824,0.0,0.0,0.0,0.0,0.0,0.0,0.0,0.0,0.0,0.0,0.0,0.0,0.0,0.0,-1.1491571833294785,-0.1358237531034909,-0.1380813165303517,0.5073742973204389,0.0704963774324061,-0.0353603102266788,-0.0051976442337036,0.0,0.0,0.0,0.0,0.0,0.0,0.0,0.0,0.0,0.0,0.0,0.0,0.0,0.0,0.0,0.0
2025-07-16,05:05:37.533139,42681.08892440796,UnloadPallet,False,autonomous,False,0.0,0.0,0.0,0.0,0.0,30.6172497323724,30.6172497323724,-1,,0.0,0.0,,-1,,0.0,0.0,,-1,,0.0,0.0,,-1,,0.0,0.0,,-1,,0.0,0.0,,ground_5_frame_0,empty,32.107235100960274,-21.59114954858036,,0,0,0,0,0,0,0,0,0,0,0,0,0,0,0,0,0,0,0.0,0.2785999467,-0.087,-0.0353603102266788,0.0,0.2090772688388824,0.0,0.0,0.0,0.0,0.0,0.0,0.0,0.0,0.0,0.0,0.0,0.0,0.0,0.0,-1.1491571833294785,-0.1358237531034909,-0.1380813165303517,0.5073742973204389,0.0704963774324061,-0.0353603102266788,-0.0051976442337036,0.0,0.0,0.0,0.0,0.0,0.0,0.0,0.0,0.0,0.0,0.0,0.0,0.0,0.0,0.0,0.0
2025-07-16,05:05:37.533139,42681.08892440796,UnloadPallet,False,autonomous,False,0.0,0.0,0.0,0.0,0.0,30.61696490494279,30.61696490494279,-1,,0.0,0.0,,-1,,0.0,0.0,,-1,,0.0,0.0,,-1,,0.0,0.0,,-1,,0.0,0.0,,ground_5_frame_0,empty,32.107235100960274,-21.59114954858036,,0,0,0,0,0,0,0,0,0,0,0,0,0,0,0,0,0,0,0.0,0.2785999467,-0.087,-0.0353603102266788,0.0,0.2090772688388824,0.0,0.0,0.0,0.0,0.0,0.0,0.0,0.0,0.0,0.0,0.0,0.0,0.0,0.0,-1.1491571833294785,-0.1358237531034909,-0.1380813165303517,0.5073742973204389,0.0704963774324061,-0.0353603102266788,-0.0051976442337036,0.0,0.0,0.0,0.0,0.0,0.0,0.0,0.0,0.0,0.0,0.0,0.0,0.0,0.0,0.0,0.0
2025-07-16,05:05:37.533139,42681.08892440796,UnloadPallet,False,autonomous,False,0.0,0.0,0.0,0.0,0.0,30.61696490494279,30.61696490494279,-1,,0.0,0.0,,-1,,0.0,0.0,,-1,,0.0,0.0,,-1,,0.0,0.0,,-1,,0.0,0.0,,ground_5_frame_0,empty,32.107235100960274,-21.59114954858036,,0,0,0,0,0,0,0,0,0,0,0,0,0,0,0,0,0,0,0.0,0.2785999467,-0.087,-0.0353603102266788,0.0,0.2090772688388824,0.0,0.0,0.0,0.0,0.0,0.0,0.0,0.0,0.0,0.0,0.0,0.0,0.0,0.0,-1.1491571833294785,-0.1358237531034909,-0.1380813165303517,0.5073742973204389,0.0704963774324061,-0.0353603102266788,-0.0051976442337036,0.0,0.0,0.0,0.0,0.0,0.0,0.0,0.0,0.0,0.0,0.0,0.0,0.0,0.0,0.0,0.0
2025-07-16,05:05:37.533139,42681.08892440796,UnloadPallet,False,autonomous,False,0.0,0.0,0.0,0.0,0.0,30.61696490494279,30.61696490494279,-1,,0.0,0.0,,-1,,0.0,0.0,,-1,,0.0,0.0,,-1,,0.0,0.0,,-1,,0.0,0.0,,ground_5_frame_0,empty,32.107235100960274,-21.59114954858036,,0,0,0,0,0,0,0,0,0,0,0,0,0,0,0,0,0,0,0.0,0.2785999467,-0.087,-0.0353603102266788,0.0,0.2090772688388824,0.0,0.0,0.0,0.0,0.0,0.0,0.0,0.0,0.0,0.0,0.0,0.0,0.0,0.0,-1.1488395103168614,-0.1360784089524074,-0.1378216926245304,0.5074140387833097,0.0704963774324061,-0.0353603102266788,-0.0051976442337036,0.0,0.0,0.0,0.0,0.0,0.0,0.0,0.0,0.0,0.0,0.0,0.0,0.0,0.0,0.0,0.0
2025-07-16,05:05:37.572730,42720.67975997925,UnloadPallet,False,autonomous,False,0.0,0.0,0.0,0.0,0.0,30.61696490494279,30.61696490494279,-1,,0.0,0.0,,-1,,0.0,0.0,,-1,,0.0,0.0,,-1,,0.0,0.0,,-1,,0.0,0.0,,ground_5_frame_0,empty,32.107235100960274,-21.59114954858036,,0,0,0,0,0,0,0,0,0,0,0,0,0,0,0,0,0,0,0.0,0.2785999467,-0.088,-0.0353603102266788,0.0,0.2090772688388824,0.0,0.0,0.0,0.0,0.0,0.0,0.0,0.0,0.0,0.0,0.0,0.0,0.0,0.0,-1.1488395103168614,-0.1360784089524074,-0.1378216926245304,0.5074140387833097,0.0704963774324061,-0.0353603102266788,-0.0031410455703735,0.0,0.0,0.0,0.0,0.0,0.0,0.0,0.0,0.0,0.0,0.0,0.0,0.0,0.0,0.0,0.0
2025-07-16,05:05:37.572730,42720.67975997925,UnloadPallet,False,autonomous,False,0.0,0.0,0.0,0.0,0.0,30.61696490494279,30.61696490494279,-1,,0.0,0.0,,-1,,0.0,0.0,,-1,,0.0,0.0,,-1,,0.0,0.0,,-1,,0.0,0.0,,ground_5_frame_0,empty,32.107235100960274,-21.59114954858036,,0,0,0,0,0,0,0,0,0,0,0,0,0,0,0,0,0,0,0.0,0.2785999467,-0.088,-0.0353603102266788,0.0,0.2090772688388824,0.0,0.0,0.0,0.0,0.0,0.0,0.0,0.0,0.0,0.0,0.0,0.0,0.0,0.0,-1.1488395103168614,-0.1360784089524074,-0.1378216926245304,0.5074140387833097,0.0704963774324061,-0.0353603102266788,-0.0031410455703735,0.0,0.0,0.0,0.0,0.0,0.0,0.0,0.0,0.0,0.0,0.0,0.0,0.0,0.0,0.0,0.0
2025-07-16,05:05:37.572730,42720.67975997925,UnloadPallet,False,autonomous,False,0.0,0.0,0.0,0.0,0.0,30.61696490494279,30.61696490494279,-1,,0.0,0.0,,-1,,0.0,0.0,,-1,,0.0,0.0,,-1,,0.0,0.0,,-1,,0.0,0.0,,ground_5_frame_0,empty,32.107235100960274,-21.59114954858036,,0,0,0,0,0,0,0,0,0,0,0,0,0,0,0,0,0,0,0.0,0.2785999467,-0.088,-0.0353603102266788,0.0,0.2090772688388824,0.0,0.0,0.0,0.0,0.0,0.0,0.0,0.0,0.0,0.0,0.0,0.0,0.0,0.0,-1.1488395103168614,-0.1360784089524074,-0.1378216926245304,0.5074140387833097,0.0704963774324061,-0.0353603102266788,-0.0031410455703735,0.0,0.0,0.0,0.0,0.0,0.0,0.0,0.0,0.0,0.0,0.0,0.0,0.0,0.0,0.0,0.0
2025-07-16,05:05:37.572730,42720.67975997925,UnloadPallet,False,autonomous,False,0.0,0.0,0.0,0.0,0.0,30.61695587185476,30.61695587185476,-1,,0.0,0.0,,-1,,0.0,0.0,,-1,,0.0,0.0,,-1,,0.0,0.0,,-1,,0.0,0.0,,ground_5_frame_0,empty,32.107235100960274,-21.59114954858036,,0,0,0,0,0,0,0,0,0,0,0,0,0,0,0,0,0,0,0.0,0.2785999467,-0.088,-0.0353603102266788,0.0,0.2090772688388824,0.0,0.0,0.0,0.0,0.0,0.0,0.0,0.0,0.0,0.0,0.0,0.0,0.0,0.0,-1.1488395103168614,-0.1360784089524074,-0.1378216926245304,0.5074140387833097,0.0704963774324061,-0.0353603102266788,-0.0031410455703735,0.0,0.0,0.0,0.0,0.0,0.0,0.0,0.0,0.0,0.0,0.0,0.0,0.0,0.0,0.0,0.0
2025-07-16,05:05:37.572730,42720.67975997925,UnloadPallet,False,autonomous,False,0.0,0.0,0.0,0.0,0.0,30.61695587185476,30.61695587185476,-1,,0.0,0.0,,-1,,0.0,0.0,,-1,,0.0,0.0,,-1,,0.0,0.0,,-1,,0.0,0.0,,ground_5_frame_0,empty,32.107235100960274,-21.59114954858036,,0,0,0,0,0,0,0,0,0,0,0,0,0,0,0,0,0,0,0.0,0.2785999467,-0.088,-0.0353603102266788,0.0,0.2090772688388824,0.0,0.0,0.0,0.0,0.0,0.0,0.0,0.0,0.0,0.0,0.0,0.0,0.0,0.0,-1.1488395103168614,-0.1360784089524074,-0.1378216926245304,0.5074140387833097,0.0704963774324061,-0.0353603102266788,-0.0031410455703735,0.0,0.0,0.0,0.0,0.0,0.0,0.0,0.0,0.0,0.0,0.0,0.0,0.0,0.0,0.0,0.0
2025-07-16,05:05:37.610908,42758.85772705078,UnloadPallet,False,autonomous,False,0.0,0.0,0.0,0.0,0.0,30.61695587185476,30.61695587185476,-1,,0.0,0.0,,-1,,0.0,0.0,,-1,,0.0,0.0,,-1,,0.0,0.0,,-1,,0.0,0.0,,ground_5_frame_0,empty,32.107235100960274,-21.59114954858036,,0,0,0,0,0,0,0,0,0,0,0,0,0,0,0,0,0,0,0.0,0.2785999467,-0.088,-0.0353399738669395,0.0,0.2090860158205032,0.0,0.0,0.0,0.0,0.0,0.0,0.0,0.0,0.0,0.0,0.0,0.0,0.0,0.0,-1.148916253378303,-0.1339708922171745,-0.1380155456630531,0.5060216003292624,0.0704963774324061,-0.0353399738669395,0.0002743005752563,0.0,0.0,0.0,0.0,0.0,0.0,0.0,0.0,0.0,0.0,0.0,0.0,0.0,0.0,0.0,0.0
2025-07-16,05:05:37.610908,42758.85772705078,UnloadPallet,False,autonomous,False,0.0,0.0,0.0,0.0,0.0,30.61695587185476,30.61695587185476,-1,,0.0,0.0,,-1,,0.0,0.0,,-1,,0.0,0.0,,-1,,0.0,0.0,,-1,,0.0,0.0,,ground_5_frame_0,empty,32.107235100960274,-21.59114954858036,,0,0,0,0,0,0,0,0,0,0,0,0,0,0,0,0,0,0,0.0,0.2785999467,-0.088,-0.0353399738669395,0.0,0.2090860158205032,0.0,0.0,0.0,0.0,0.0,0.0,0.0,0.0,0.0,0.0,0.0,0.0,0.0,0.0,-1.148916253378303,-0.1339708922171745,-0.1380155456630531,0.5060216003292624,0.0704963774324061,-0.0353399738669395,0.0002743005752563,0.0,0.0,0.0,0.0,0.0,0.0,0.0,0.0,0.0,0.0,0.0,0.0,0.0,0.0,0.0,0.0
2025-07-16,05:05:37.610908,42758.85772705078,UnloadPallet,False,autonomous,False,0.0,0.0,0.0,0.0,0.0,30.616956686580817,30.616956686580817,-1,,0.0,0.0,,-1,,0.0,0.0,,-1,,0.0,0.0,,-1,,0.0,0.0,,-1,,0.0,0.0,,ground_5_frame_0,empty,32.107235100960274,-21.59114954858036,,0,0,0,0,0,0,0,0,0,0,0,0,0,0,0,0,0,0,0.0,0.2785999467,-0.088,-0.0353399738669395,0.0,0.2090860158205032,0.0,0.0,0.0,0.0,0.0,0.0,0.0,0.0,0.0,0.0,0.0,0.0,0.0,0.0,-1.148916253378303,-0.1339708922171745,-0.1380155456630531,0.5060216003292624,0.0704963774324061,-0.0353399738669395,0.0002743005752563,0.0,0.0,0.0,0.0,0.0,0.0,0.0,0.0,0.0,0.0,0.0,0.0,0.0,0.0,0.0,0.0
2025-07-16,05:05:37.651602,42799.551248550415,UnloadPallet,False,autonomous,False,0.0,0.0,0.0,0.0,0.0,30.616956686580817,30.616956686580817,-1,,0.0,0.0,,-1,,0.0,0.0,,-1,,0.0,0.0,,-1,,0.0,0.0,,-1,,0.0,0.0,,ground_5_frame_0,empty,32.107235100960274,-21.59114954858036,,0,0,0,0,0,0,0,0,0,0,0,0,0,0,0,0,0,0,0.0,0.2785999467,-0.089,-0.0356717444956302,0.0,0.2084703743457794,0.0,0.0,0.0,0.0,0.0,0.0,0.0,0.0,0.0,0.0,0.0,0.0,0.0,0.0,-1.1488943483407823,-0.1327824840765998,-0.138032723648629,0.5107569000473404,0.0704963774324061,-0.0356717444956302,-0.0068954825401306,0.0,0.0,0.0,0.0,0.0,0.0,0.0,0.0,0.0,0.0,0.0,0.0,0.0,0.0,0.0,0.0
2025-07-16,05:05:37.651602,42799.551248550415,UnloadPallet,False,autonomous,False,0.0,0.0,0.0,0.0,0.0,30.616956686580817,30.616956686580817,-1,,0.0,0.0,,-1,,0.0,0.0,,-1,,0.0,0.0,,-1,,0.0,0.0,,-1,,0.0,0.0,,ground_5_frame_0,empty,32.107235100960274,-21.59114954858036,,0,0,0,0,0,0,0,0,0,0,0,0,0,0,0,0,0,0,0.0,0.2785999467,-0.089,-0.0356717444956302,0.0,0.2084703743457794,0.0,0.0,0.0,0.0,0.0,0.0,0.0,0.0,0.0,0.0,0.0,0.0,0.0,0.0,-1.1488943483407823,-0.1327824840765998,-0.138032723648629,0.5107569000473404,0.0704963774324061,-0.0356717444956302,-0.0068954825401306,0.0,0.0,0.0,0.0,0.0,0.0,0.0,0.0,0.0,0.0,0.0,0.0,0.0,0.0,0.0,0.0
2025-07-16,05:05:37.651602,42799.551248550415,UnloadPallet,False,autonomous,False,0.0,0.0,0.0,0.0,0.0,30.616956686580817,30.616956686580817,-1,,0.0,0.0,,-1,,0.0,0.0,,-1,,0.0,0.0,,-1,,0.0,0.0,,-1,,0.0,0.0,,ground_5_frame_0,empty,32.107235100960274,-21.59114954858036,,0,0,0,0,0,0,0,0,0,0,0,0,0,0,0,0,0,0,0.0,0.2785999467,-0.089,-0.0356717444956302,0.0,0.2084703743457794,0.0,0.0,0.0,0.0,0.0,0.0,0.0,0.0,0.0,0.0,0.0,0.0,0.0,0.0,-1.1488943483407823,-0.1327824840765998,-0.138032723648629,0.5107569000473404,0.0704963774324061,-0.0356717444956302,-0.0068954825401306,0.0,0.0,0.0,0.0,0.0,0.0,0.0,0.0,0.0,0.0,0.0,0.0,0.0,0.0,0.0,0.0
2025-07-16,05:05:37.651602,42799.551248550415,UnloadPallet,False,autonomous,False,0.0,0.0,0.0,0.0,0.0,30.61701380552665,30.61701380552665,-1,,0.0,0.0,,-1,,0.0,0.0,,-1,,0.0,0.0,,-1,,0.0,0.0,,-1,,0.0,0.0,,ground_5_frame_0,empty,32.107235100960274,-21.59114954858036,,0,0,0,0,0,0,0,0,0,0,0,0,0,0,0,0,0,0,0.0,0.2785999467,-0.089,-0.0356717444956302,0.0,0.2084703743457794,0.0,0.0,0.0,0.0,0.0,0.0,0.0,0.0,0.0,0.0,0.0,0.0,0.0,0.0,-1.1488943483407823,-0.1327824840765998,-0.138032723648629,0.5107569000473404,0.0704963774324061,-0.0356717444956302,-0.0068954825401306,0.0,0.0,0.0,0.0,0.0,0.0,0.0,0.0,0.0,0.0,0.0,0.0,0.0,0.0,0.0,0.0
2025-07-16,05:05:37.651602,42799.551248550415,UnloadPallet,False,autonomous,False,0.0,0.0,0.0,0.0,0.0,30.61701380552665,30.61701380552665,-1,,0.0,0.0,,-1,,0.0,0.0,,-1,,0.0,0.0,,-1,,0.0,0.0,,-1,,0.0,0.0,,ground_5_frame_0,empty,32.107235100960274,-21.59114954858036,,0,0,0,0,0,0,0,0,0,0,0,0,0,0,0,0,0,0,0.0,0.2785999467,-0.089,-0.0356717444956302,0.0,0.2084703743457794,0.0,0.0,0.0,0.0,0.0,0.0,0.0,0.0,0.0,0.0,0.0,0.0,0.0,0.0,-1.1488943483407823,-0.1327824840765998,-0.138032723648629,0.5107569000473404,0.0704963774324061,-0.0356717444956302,-0.0068954825401306,0.0,0.0,0.0,0.0,0.0,0.0,0.0,0.0,0.0,0.0,0.0,0.0,0.0,0.0,0.0,0.0
2025-07-16,05:05:37.651602,42799.551248550415,UnloadPallet,False,autonomous,False,0.0,0.0,0.0,0.0,0.0,30.61701380552665,30.61701380552665,-1,,0.0,0.0,,-1,,0.0,0.0,,-1,,0.0,0.0,,-1,,0.0,0.0,,-1,,0.0,0.0,,ground_5_frame_0,empty,32.107235100960274,-21.59114954858036,,0,0,0,0,0,0,0,0,0,0,0,0,0,0,0,0,0,0,0.0,0.2785999467,-0.089,-0.0356717444956302,0.0,0.2084703743457794,0.0,0.0,0.0,0.0,0.0,0.0,0.0,0.0,0.0,0.0,0.0,0.0,0.0,0.0,-1.1488943483407823,-0.1327824840765998,-0.138032723648629,0.5107569000473404,0.0704963774324061,-0.0356717444956302,-0.0068954825401306,0.0,0.0,0.0,0.0,0.0,0.0,0.0,0.0,0.0,0.0,0.0,0.0,0.0,0.0,0.0,0.0
2025-07-16,05:05:37.651602,42799.551248550415,UnloadPallet,False,autonomous,False,0.0,0.0,0.0,0.0,0.0,30.61701380552665,30.61701380552665,-1,,0.0,0.0,,-1,,0.0,0.0,,-1,,0.0,0.0,,-1,,0.0,0.0,,-1,,0.0,0.0,,ground_5_frame_0,empty,32.107235100960274,-21.59114954858036,,0,0,0,0,0,0,0,0,0,0,0,0,0,0,0,0,0,0,0.0,0.2785999467,-0.089,-0.0356717444956302,0.0,0.2084703743457794,0.0,0.0,0.0,0.0,0.0,0.0,0.0,0.0,0.0,0.0,0.0,0.0,0.0,0.0,-1.1488943483407823,-0.1327824840765998,-0.138032723648629,0.5107569000473404,0.0704963774324061,-0.0356717444956302,-0.0068954825401306,0.0,0.0,0.0,0.0,0.0,0.0,0.0,0.0,0.0,0.0,0.0,0.0,0.0,0.0,0.0,0.0
2025-07-16,05:05:37.651602,42799.551248550415,UnloadPallet,False,autonomous,False,0.0,0.0,0.0,0.0,0.0,30.61701380552665,30.61701380552665,-1,,0.0,0.0,,-1,,0.0,0.0,,-1,,0.0,0.0,,-1,,0.0,0.0,,-1,,0.0,0.0,,ground_5_frame_0,empty,32.107235100960274,-21.59114954858036,,0,0,0,0,0,0,0,0,0,0,0,0,0,0,0,0,0,0,0.0,0.2785999467,-0.089,-0.0356717444956302,0.0,0.2084703743457794,0.0,0.0,0.0,0.0,0.0,0.0,0.0,0.0,0.0,0.0,0.0,0.0,0.0,0.0,-1.1492913010148058,-0.1335291435630949,-0.1378410840221708,0.4886781806796989,0.0704963774324061,-0.0356717444956302,-0.0068954825401306,0.0,0.0,0.0,0.0,0.0,0.0,0.0,0.0,0.0,0.0,0.0,0.0,0.0,0.0,0.0,0.0
2025-07-16,05:05:37.691817,42839.76650238037,UnloadPallet,False,autonomous,False,0.0,0.0,0.0,0.0,0.0,30.61701380552665,30.61701380552665,-1,,0.0,0.0,,-1,,0.0,0.0,,-1,,0.0,0.0,,-1,,0.0,0.0,,-1,,0.0,0.0,,ground_5_frame_0,empty,32.107235100960274,-21.59114954858036,,0,0,0,0,0,0,0,0,0,0,0,0,0,0,0,0,0,0,0.0,0.2785999467,-0.089,-0.0353603102266788,0.0,0.2090772688388824,0.0,0.0,0.0,0.0,0.0,0.0,0.0,0.0,0.0,0.0,0.0,0.0,0.0,0.0,-1.1492913010148058,-0.1335291435630949,-0.1378410840221708,0.4886781806796989,0.0704963774324061,-0.0353603102266788,0.0067582726478576,0.0,0.0,0.0,0.0,0.0,0.0,0.0,0.0,0.0,0.0,0.0,0.0,0.0,0.0,0.0,0.0
2025-07-16,05:05:37.691817,42839.76650238037,UnloadPallet,False,autonomous,False,0.0,0.0,0.0,0.0,0.0,30.61701380552665,30.61701380552665,-1,,0.0,0.0,,-1,,0.0,0.0,,-1,,0.0,0.0,,-1,,0.0,0.0,,-1,,0.0,0.0,,ground_5_frame_0,empty,32.107235100960274,-21.59114954858036,,0,0,0,0,0,0,0,0,0,0,0,0,0,0,0,0,0,0,0.0,0.2785999467,-0.089,-0.0353603102266788,0.0,0.2090772688388824,0.0,0.0,0.0,0.0,0.0,0.0,0.0,0.0,0.0,0.0,0.0,0.0,0.0,0.0,-1.1492913010148058,-0.1335291435630949,-0.1378410840221708,0.4886781806796989,0.0704963774324061,-0.0353603102266788,0.0067582726478576,0.0,0.0,0.0,0.0,0.0,0.0,0.0,0.0,0.0,0.0,0.0,0.0,0.0,0.0,0.0,0.0
2025-07-16,05:05:37.691817,42839.76650238037,UnloadPallet,False,autonomous,False,0.0,0.0,0.0,0.0,0.0,30.61701380552665,30.61701380552665,-1,,0.0,0.0,,-1,,0.0,0.0,,-1,,0.0,0.0,,-1,,0.0,0.0,,-1,,0.0,0.0,,ground_5_frame_0,empty,32.107235100960274,-21.59114954858036,,0,0,0,0,0,0,0,0,0,0,0,0,0,0,0,0,0,0,0.0,0.2785999467,-0.089,-0.0353603102266788,0.0,0.2090772688388824,0.0,0.0,0.0,0.0,0.0,0.0,0.0,0.0,0.0,0.0,0.0,0.0,0.0,0.0,-1.1492913010148058,-0.1335291435630949,-0.1378410840221708,0.4886781806796989,0.0704963774324061,-0.0353603102266788,0.0067582726478576,0.0,0.0,0.0,0.0,0.0,0.0,0.0,0.0,0.0,0.0,0.0,0.0,0.0,0.0,0.0,0.0
2025-07-16,05:05:37.691817,42839.76650238037,UnloadPallet,False,autonomous,False,0.0,0.0,0.0,0.0,0.0,30.61700880517341,30.61700880517341,-1,,0.0,0.0,,-1,,0.0,0.0,,-1,,0.0,0.0,,-1,,0.0,0.0,,-1,,0.0,0.0,,ground_5_frame_0,empty,32.107235100960274,-21.59114954858036,,0,0,0,0,0,0,0,0,0,0,0,0,0,0,0,0,0,0,0.0,0.2785999467,-0.089,-0.0353603102266788,0.0,0.2090772688388824,0.0,0.0,0.0,0.0,0.0,0.0,0.0,0.0,0.0,0.0,0.0,0.0,0.0,0.0,-1.1492913010148058,-0.1335291435630949,-0.1378410840221708,0.4886781806796989,0.0704963774324061,-0.0353603102266788,0.0067582726478576,0.0,0.0,0.0,0.0,0.0,0.0,0.0,0.0,0.0,0.0,0.0,0.0,0.0,0.0,0.0,0.0
2025-07-16,05:05:37.734406,42882.35592842102,UnloadPallet,False,autonomous,False,0.0,0.0,0.0,0.0,0.0,30.616721492675737,30.616721492675737,-1,,0.0,0.0,,-1,,0.0,0.0,,-1,,0.0,0.0,,-1,,0.0,0.0,,-1,,0.0,0.0,,ground_5_frame_0,empty,32.107235100960274,-21.59114954858036,,0,0,0,0,0,0,0,0,0,0,0,0,0,0,0,0,0,0,0.0,0.2785999467,-0.089,-0.0353163816034793,0.0,0.2095112055540084,0.0,0.0,0.0,0.0,0.0,0.0,0.0,0.0,0.0,0.0,0.0,0.0,0.0,0.0,-1.1494253038705224,-0.1325732723658657,-0.1381644505551014,0.4776194817454211,0.0704963774324061,-0.0353163816034793,-0.0019749402999877,0.0,0.0,0.0,0.0,0.0,0.0,0.0,0.0,0.0,0.0,0.0,0.0,0.0,0.0,0.0,0.0
2025-07-16,05:05:37.772077,42920.02654075623,UnloadPallet,False,autonomous,False,0.0,0.0,0.0,0.0,0.0,30.616721492675737,30.616721492675737,-1,,0.0,0.0,,-1,,0.0,0.0,,-1,,0.0,0.0,,-1,,0.0,0.0,,-1,,0.0,0.0,,ground_5_frame_0,empty,32.107235100960274,-21.59114954858036,,0,0,0,0,0,0,0,0,0,0,0,0,0,0,0,0,0,0,0.0,0.2765872466999999,-0.09,-0.0356578715145587,0.0,0.208885371685028,0.0,0.0,0.0,0.0,0.0,0.0,0.0,0.0,0.0,0.0,0.0,0.0,0.0,0.0,-1.149210958395237,-0.1328878164579432,-0.1378180917427223,0.4717631079911371,0.0704963774324061,-0.0356578715145587,-0.0101073384284973,0.0,0.0,0.0,0.0,0.0,0.0,0.0,0.0,0.0,0.0,0.0,0.0,0.0,0.0,0.0,0.0
2025-07-16,05:05:37.812196,42960.1457118988,UnloadPallet,False,autonomous,False,0.0,0.0,0.0,0.0,0.0,30.616714690614785,30.616714690614785,-1,,0.0,0.0,,-1,,0.0,0.0,,-1,,0.0,0.0,,-1,,0.0,0.0,,-1,,0.0,0.0,,ground_5_frame_0,empty,32.107235100960274,-21.59114954858036,,0,0,0,0,0,0,0,0,0,0,0,0,0,0,0,0,0,0,0.0,0.2705491467,-0.091,-0.0353542529046535,0.0,0.2086710184812545,0.0,0.0,0.0,0.0,0.0,0.0,0.0,0.0,0.0,0.0,0.0,0.0,0.0,0.0,-1.1492831768657013,-0.132093551560251,-0.135874726437568,0.4596869527903493,0.0704963774324061,-0.0353542529046535,0.0058020949363708,0.0,0.0,0.0,0.0,0.0,0.0,0.0,0.0,0.0,0.0,0.0,0.0,0.0,0.0,0.0,0.0
2025-07-16,05:05:37.856720,43004.66966629028,UnloadPallet,False,autonomous,False,0.0,0.0,0.0,0.0,0.0,30.615314278389327,30.615314278389327,-1,,0.0,0.0,,-1,,0.0,0.0,,-1,,0.0,0.0,,-1,,0.0,0.0,,-1,,0.0,0.0,,ground_5_frame_0,empty,32.107235100960274,-21.59114954858036,,0,0,0,0,0,0,0,0,0,0,0,0,0,0,0,0,0,0,0.0,0.2645110467,-0.092,-0.035599835216999,0.0,0.2097344249486923,0.0,0.0,0.0,0.0,0.0,0.0,0.0,0.0,0.0,0.0,0.0,0.0,0.0,0.0,-1.1474525266073885,-0.1313488084291467,-0.1298798384036569,0.4571661204149961,0.0704963774324061,-0.035599835216999,-0.0086115002632141,0.0,0.0,0.0,0.0,0.0,0.0,0.0,0.0,0.0,0.0,0.0,0.0,0.0,0.0,0.0,0.0
2025-07-16,05:05:37.970920,43118.8690662384,UnloadPallet,False,autonomous,False,0.0,0.0,0.0,0.0,0.0,30.61453588700804,30.61453588700804,-1,,0.0,0.0,,-1,,0.0,0.0,,-1,,0.0,0.0,,-1,,0.0,0.0,,-1,,0.0,0.0,,ground_5_frame_0,empty,32.107235100960274,-21.59114954858036,,0,0,0,0,0,0,0,0,0,0,0,0,0,0,0,0,0,0,0.0,0.2544475467,-0.092,-0.0353399738669395,0.0,0.2090860158205032,0.0,0.0,0.0,0.0,0.0,0.0,0.0,0.0,0.0,0.0,0.0,0.0,0.0,0.0,-1.1464876815456575,-0.1302280719566102,-0.1135704251867844,0.4548977225334738,0.0704963774324061,-0.0353399738669395,0.000754177570343,0.0,0.0,0.0,0.0,0.0,0.0,0.0,0.0,0.0,0.0,0.0,0.0,0.0,0.0,0.0,0.0
2025-07-16,05:05:37.970920,43118.8690662384,UnloadPallet,False,autonomous,False,0.0,0.0,0.0,0.0,0.0,30.61453588700804,30.61453588700804,-1,,0.0,0.0,,-1,,0.0,0.0,,-1,,0.0,0.0,,-1,,0.0,0.0,,-1,,0.0,0.0,,ground_5_frame_0,empty,32.107235100960274,-21.59114954858036,,0,0,0,0,0,0,0,0,0,0,0,0,0,0,0,0,0,0,0.0,0.2544475467,-0.092,-0.0353399738669395,0.0,0.2090860158205032,0.0,0.0,0.0,0.0,0.0,0.0,0.0,0.0,0.0,0.0,0.0,0.0,0.0,0.0,-1.1464876815456575,-0.1302280719566066,-0.113570425186784,0.4548977225334738,0.0704963774324061,-0.0353399738669395,0.000754177570343,0.0,0.0,0.0,0.0,0.0,0.0,0.0,0.0,0.0,0.0,0.0,0.0,0.0,0.0,0.0,0.0
2025-07-16,05:05:38.010923,43158.872842788696,UnloadPallet,False,autonomous,False,0.0,0.0,0.0,0.0,0.0,30.61453589287432,30.61453589287432,-1,,0.0,0.0,,-1,,0.0,0.0,,-1,,0.0,0.0,,-1,,0.0,0.0,,-1,,0.0,0.0,,ground_5_frame_0,empty,32.107235100960274,-21.59114954858036,,0,0,0,0,0,0,0,0,0,0,0,0,0,0,0,0,0,0,0.0,0.2423713467,-0.092,-0.035599835216999,0.0,0.2097344249486923,0.0,0.0,0.0,0.0,0.0,0.0,0.0,0.0,0.0,0.0,0.0,0.0,0.0,0.0,-1.1464978039689413,-0.1303735050541394,-0.1135228645031376,0.4528810858980137,0.0704963774324061,-0.035599835216999,-0.007992684841156,0.0,0.0,0.0,0.0,0.0,0.0,0.0,0.0,0.0,0.0,0.0,0.0,0.0,0.0,0.0,0.0
2025-07-16,05:05:38.010923,43158.872842788696,UnloadPallet,False,autonomous,False,0.0,0.0,0.0,0.0,0.0,30.61453589287432,30.61453589287432,-1,,0.0,0.0,,-1,,0.0,0.0,,-1,,0.0,0.0,,-1,,0.0,0.0,,-1,,0.0,0.0,,ground_5_frame_0,empty,32.107235100960274,-21.59114954858036,,0,0,0,0,0,0,0,0,0,0,0,0,0,0,0,0,0,0,0.0,0.2423713467,-0.092,-0.035599835216999,0.0,0.2097344249486923,0.0,0.0,0.0,0.0,0.0,0.0,0.0,0.0,0.0,0.0,0.0,0.0,0.0,0.0,-1.1464978039689413,-0.1303735050541394,-0.1135228645031376,0.4528810858980137,0.0704963774324061,-0.035599835216999,-0.007992684841156,0.0,0.0,0.0,0.0,0.0,0.0,0.0,0.0,0.0,0.0,0.0,0.0,0.0,0.0,0.0,0.0
2025-07-16,05:05:38.010923,43158.872842788696,UnloadPallet,False,autonomous,False,0.0,0.0,0.0,0.0,0.0,30.61453589287432,30.61453589287432,-1,,0.0,0.0,,-1,,0.0,0.0,,-1,,0.0,0.0,,-1,,0.0,0.0,,-1,,0.0,0.0,,ground_5_frame_0,empty,32.107235100960274,-21.59114954858036,,0,0,0,0,0,0,0,0,0,0,0,0,0,0,0,0,0,0,0.0,0.2423713467,-0.092,-0.035599835216999,0.0,0.2097344249486923,0.0,0.0,0.0,0.0,0.0,0.0,0.0,0.0,0.0,0.0,0.0,0.0,0.0,0.0,-1.1464978039689413,-0.1303735050541394,-0.1135228645031376,0.4528810858980137,0.0704963774324061,-0.035599835216999,-0.007992684841156,0.0,0.0,0.0,0.0,0.0,0.0,0.0,0.0,0.0,0.0,0.0,0.0,0.0,0.0,0.0,0.0
2025-07-16,05:05:38.010923,43158.872842788696,UnloadPallet,False,autonomous,False,0.0,0.0,0.0,0.0,0.0,30.61453589287432,30.61453589287432,-1,,0.0,0.0,,-1,,0.0,0.0,,-1,,0.0,0.0,,-1,,0.0,0.0,,-1,,0.0,0.0,,ground_5_frame_0,empty,32.107235100960274,-21.59114954858036,,0,0,0,0,0,0,0,0,0,0,0,0,0,0,0,0,0,0,0.0,0.2423713467,-0.092,-0.035599835216999,0.0,0.2097344249486923,0.0,0.0,0.0,0.0,0.0,0.0,0.0,0.0,0.0,0.0,0.0,0.0,0.0,0.0,-1.1464978039689413,-0.1303735050541394,-0.1135228645031376,0.4528810858980137,0.0704963774324061,-0.035599835216999,-0.007992684841156,0.0,0.0,0.0,0.0,0.0,0.0,0.0,0.0,0.0,0.0,0.0,0.0,0.0,0.0,0.0,0.0
2025-07-16,05:05:38.010923,43158.872842788696,UnloadPallet,False,autonomous,False,0.0,0.0,0.0,0.0,0.0,30.614657266856103,30.614657266856103,-1,,0.0,0.0,,-1,,0.0,0.0,,-1,,0.0,0.0,,-1,,0.0,0.0,,-1,,0.0,0.0,,ground_5_frame_0,empty,32.107235100960274,-21.59114954858036,,0,0,0,0,0,0,0,0,0,0,0,0,0,0,0,0,0,0,0.0,0.2423713467,-0.092,-0.035599835216999,0.0,0.2097344249486923,0.0,0.0,0.0,0.0,0.0,0.0,0.0,0.0,0.0,0.0,0.0,0.0,0.0,0.0,-1.1464978039689413,-0.1303735050541394,-0.1135228645031376,0.4528810858980137,0.0704963774324061,-0.035599835216999,-0.007992684841156,0.0,0.0,0.0,0.0,0.0,0.0,0.0,0.0,0.0,0.0,0.0,0.0,0.0,0.0,0.0,0.0
2025-07-16,05:05:38.054234,43202.18300819397,UnloadPallet,False,autonomous,False,0.0,0.0,0.0,0.0,0.0,30.614657266856103,30.614657266856103,-1,,0.0,0.0,,-1,,0.0,0.0,,-1,,0.0,0.0,,-1,,0.0,0.0,,-1,,0.0,0.0,,ground_5_frame_0,empty,32.107235100960274,-21.59114954858036,,0,0,0,0,0,0,0,0,0,0,0,0,0,0,0,0,0,0,0.0,0.2282824467,-0.093,-0.0353603102266788,0.0,0.2090772688388824,0.0,0.0,0.0,0.0,0.0,0.0,0.0,0.0,0.0,0.0,0.0,0.0,0.0,0.0,-1.1464978039689413,-0.1303735050541394,-0.1135228645031376,0.4528810858980137,0.0704963774324061,-0.0353603102266788,0.0040339231491088,0.0,0.0,0.0,0.0,0.0,0.0,0.0,0.0,0.0,0.0,0.0,0.0,0.0,0.0,0.0,0.0
2025-07-16,05:05:38.054234,43202.18300819397,UnloadPallet,False,autonomous,False,0.0,0.0,0.0,0.0,0.0,30.614657266856103,30.614657266856103,-1,,0.0,0.0,,-1,,0.0,0.0,,-1,,0.0,0.0,,-1,,0.0,0.0,,-1,,0.0,0.0,,ground_5_frame_0,empty,32.107235100960274,-21.59114954858036,,0,0,0,0,0,0,0,0,0,0,0,0,0,0,0,0,0,0,0.0,0.2282824467,-0.093,-0.0353603102266788,0.0,0.2090772688388824,0.0,0.0,0.0,0.0,0.0,0.0,0.0,0.0,0.0,0.0,0.0,0.0,0.0,0.0,-1.1464978039689413,-0.1303735050541394,-0.1135228645031376,0.4528810858980137,0.0704963774324061,-0.0353603102266788,0.0040339231491088,0.0,0.0,0.0,0.0,0.0,0.0,0.0,0.0,0.0,0.0,0.0,0.0,0.0,0.0,0.0,0.0
2025-07-16,05:05:38.054234,43202.18300819397,UnloadPallet,False,autonomous,False,0.0,0.0,0.0,0.0,0.0,30.614657266856103,30.614657266856103,-1,,0.0,0.0,,-1,,0.0,0.0,,-1,,0.0,0.0,,-1,,0.0,0.0,,-1,,0.0,0.0,,ground_5_frame_0,empty,32.107235100960274,-21.59114954858036,,0,0,0,0,0,0,0,0,0,0,0,0,0,0,0,0,0,0,0.0,0.2282824467,-0.093,-0.0353603102266788,0.0,0.2090772688388824,0.0,0.0,0.0,0.0,0.0,0.0,0.0,0.0,0.0,0.0,0.0,0.0,0.0,0.0,-1.146968640817164,-0.1313379214471997,-0.1012270303358241,0.4178755408473762,0.0704963774324061,-0.0353603102266788,0.0040339231491088,0.0,0.0,0.0,0.0,0.0,0.0,0.0,0.0,0.0,0.0,0.0,0.0,0.0,0.0,0.0,0.0
2025-07-16,05:05:38.054234,43202.18300819397,UnloadPallet,False,autonomous,False,0.0,0.0,0.0,0.0,0.0,30.614657266856103,30.614657266856103,-1,,0.0,0.0,,-1,,0.0,0.0,,-1,,0.0,0.0,,-1,,0.0,0.0,,-1,,0.0,0.0,,ground_5_frame_0,empty,32.107235100960274,-21.59114954858036,,0,0,0,0,0,0,0,0,0,0,0,0,0,0,0,0,0,0,0.0,0.2282824467,-0.093,-0.0353603102266788,0.0,0.2090772688388824,0.0,0.0,0.0,0.0,0.0,0.0,0.0,0.0,0.0,0.0,0.0,0.0,0.0,0.0,-1.146968640817164,-0.1313379214471997,-0.1012270303358241,0.4178755408473762,0.0704963774324061,-0.0353603102266788,0.0040339231491088,0.0,0.0,0.0,0.0,0.0,0.0,0.0,0.0,0.0,0.0,0.0,0.0,0.0,0.0,0.0,0.0
2025-07-16,05:05:38.054234,43202.18300819397,UnloadPallet,False,autonomous,False,0.0,0.0,0.0,0.0,0.0,30.614654774513426,30.614654774513426,-1,,0.0,0.0,,-1,,0.0,0.0,,-1,,0.0,0.0,,-1,,0.0,0.0,,-1,,0.0,0.0,,ground_5_frame_0,empty,32.107235100960274,-21.59114954858036,,0,0,0,0,0,0,0,0,0,0,0,0,0,0,0,0,0,0,0.0,0.2282824467,-0.093,-0.0353603102266788,0.0,0.2090772688388824,0.0,0.0,0.0,0.0,0.0,0.0,0.0,0.0,0.0,0.0,0.0,0.0,0.0,0.0,-1.146968640817164,-0.1313379214471997,-0.1012270303358241,0.4178755408473762,0.0704963774324061,-0.0353603102266788,0.0040339231491088,0.0,0.0,0.0,0.0,0.0,0.0,0.0,0.0,0.0,0.0,0.0,0.0,0.0,0.0,0.0,0.0
2025-07-16,05:05:38.054234,43202.18300819397,UnloadPallet,False,autonomous,False,0.0,0.0,0.0,0.0,0.0,30.614654774513426,30.614654774513426,-1,,0.0,0.0,,-1,,0.0,0.0,,-1,,0.0,0.0,,-1,,0.0,0.0,,-1,,0.0,0.0,,ground_5_frame_0,empty,32.107235100960274,-21.59114954858036,,0,0,0,0,0,0,0,0,0,0,0,0,0,0,0,0,0,0,0.0,0.2282824467,-0.093,-0.0353603102266788,0.0,0.2090772688388824,0.0,0.0,0.0,0.0,0.0,0.0,0.0,0.0,0.0,0.0,0.0,0.0,0.0,0.0,-1.146968640817164,-0.1313379214471997,-0.1012270303358241,0.4178755408473762,0.0704963774324061,-0.0353603102266788,0.0040339231491088,0.0,0.0,0.0,0.0,0.0,0.0,0.0,0.0,0.0,0.0,0.0,0.0,0.0,0.0,0.0,0.0
2025-07-16,05:05:38.090977,43238.92664909363,UnloadPallet,False,autonomous,False,0.0,0.0,0.0,0.0,0.0,30.614654774513426,30.614654774513426,-1,,0.0,0.0,,-1,,0.0,0.0,,-1,,0.0,0.0,,-1,,0.0,0.0,,-1,,0.0,0.0,,ground_5_frame_0,empty,32.107235100960274,-21.59114954858036,,0,0,0,0,0,0,0,0,0,0,0,0,0,0,0,0,0,0,0.0,0.2282824467,-0.093,-0.0356578715145587,0.0,0.208885371685028,0.0,0.0,0.0,0.0,0.0,0.0,0.0,0.0,0.0,0.0,0.0,0.0,0.0,0.0,-1.147002279852245,-0.1297327240050343,-0.0874083731602846,0.436096302657603,0.0704963774324061,-0.0356578715145587,-0.0064879059791564,0.0,0.0,0.0,0.0,0.0,0.0,0.0,0.0,0.0,0.0,0.0,0.0,0.0,0.0,0.0,0.0
2025-07-16,05:05:38.131141,43279.09016609192,UnloadPallet,False,autonomous,False,0.0,0.0,0.0,0.0,0.0,30.614654706299305,30.614654706299305,-1,,0.0,0.0,,-1,,0.0,0.0,,-1,,0.0,0.0,,-1,,0.0,0.0,,-1,,0.0,0.0,,ground_5_frame_0,empty,32.107235100960274,-21.59114954858036,,0,0,0,0,0,0,0,0,0,0,0,0,0,0,0,0,0,0,0.0,0.2141935467,-0.093,-0.0353880226612091,0.0,0.2082475423812866,0.0,0.0,0.0,0.0,0.0,0.0,0.0,0.0,0.0,0.0,0.0,0.0,0.0,0.0,-1.1470022798522803,-0.1297327240050432,-0.087408373160285,0.436096302657603,0.0704963774324061,-0.0353880226612091,0.00497967004776,0.0,0.0,0.0,0.0,0.0,0.0,0.0,0.0,0.0,0.0,0.0,0.0,0.0,0.0,0.0,0.0
2025-07-16,05:05:38.131141,43279.09016609192,UnloadPallet,False,autonomous,False,0.0,0.0,0.0,0.0,0.0,30.614654706299305,30.614654706299305,-1,,0.0,0.0,,-1,,0.0,0.0,,-1,,0.0,0.0,,-1,,0.0,0.0,,-1,,0.0,0.0,,ground_5_frame_0,empty,32.107235100960274,-21.59114954858036,,0,0,0,0,0,0,0,0,0,0,0,0,0,0,0,0,0,0,0.0,0.2141935467,-0.093,-0.0353880226612091,0.0,0.2082475423812866,0.0,0.0,0.0,0.0,0.0,0.0,0.0,0.0,0.0,0.0,0.0,0.0,0.0,0.0,-1.1470022798522803,-0.1297327240050432,-0.087408373160285,0.436096302657603,0.0704963774324061,-0.0353880226612091,0.00497967004776,0.0,0.0,0.0,0.0,0.0,0.0,0.0,0.0,0.0,0.0,0.0,0.0,0.0,0.0,0.0,0.0
2025-07-16,05:05:38.131141,43279.09016609192,UnloadPallet,False,autonomous,False,0.0,0.0,0.0,0.0,0.0,30.614654706299305,30.614654706299305,-1,,0.0,0.0,,-1,,0.0,0.0,,-1,,0.0,0.0,,-1,,0.0,0.0,,-1,,0.0,0.0,,ground_5_frame_0,empty,32.107235100960274,-21.59114954858036,,0,0,0,0,0,0,0,0,0,0,0,0,0,0,0,0,0,0,0.0,0.2141935467,-0.093,-0.0353880226612091,0.0,0.2082475423812866,0.0,0.0,0.0,0.0,0.0,0.0,0.0,0.0,0.0,0.0,0.0,0.0,0.0,0.0,-1.1470022798522803,-0.1297327240050432,-0.087408373160285,0.436096302657603,0.0704963774324061,-0.0353880226612091,0.00497967004776,0.0,0.0,0.0,0.0,0.0,0.0,0.0,0.0,0.0,0.0,0.0,0.0,0.0,0.0,0.0,0.0
2025-07-16,05:05:38.131141,43279.09016609192,UnloadPallet,False,autonomous,False,0.0,0.0,0.0,0.0,0.0,30.614654706299305,30.614654706299305,-1,,0.0,0.0,,-1,,0.0,0.0,,-1,,0.0,0.0,,-1,,0.0,0.0,,-1,,0.0,0.0,,ground_5_frame_0,empty,32.107235100960274,-21.59114954858036,,0,0,0,0,0,0,0,0,0,0,0,0,0,0,0,0,0,0,0.0,0.2141935467,-0.093,-0.0353880226612091,0.0,0.2082475423812866,0.0,0.0,0.0,0.0,0.0,0.0,0.0,0.0,0.0,0.0,0.0,0.0,0.0,0.0,-1.1470906664077418,-0.1300466272303282,-0.0874950769926733,0.4214508266230155,0.0704963774324061,-0.0353880226612091,0.00497967004776,0.0,0.0,0.0,0.0,0.0,0.0,0.0,0.0,0.0,0.0,0.0,0.0,0.0,0.0,0.0,0.0
2025-07-16,05:05:38.131141,43279.09016609192,UnloadPallet,False,autonomous,False,0.0,0.0,0.0,0.0,0.0,30.614654706299305,30.614654706299305,-1,,0.0,0.0,,-1,,0.0,0.0,,-1,,0.0,0.0,,-1,,0.0,0.0,,-1,,0.0,0.0,,ground_5_frame_0,empty,32.107235100960274,-21.59114954858036,,0,0,0,0,0,0,0,0,0,0,0,0,0,0,0,0,0,0,0.0,0.2141935467,-0.093,-0.0353880226612091,0.0,0.2082475423812866,0.0,0.0,0.0,0.0,0.0,0.0,0.0,0.0,0.0,0.0,0.0,0.0,0.0,0.0,-1.1470906664077418,-0.1300466272303282,-0.0874950769926733,0.4214508266230155,0.0704963774324061,-0.0353880226612091,0.00497967004776,0.0,0.0,0.0,0.0,0.0,0.0,0.0,0.0,0.0,0.0,0.0,0.0,0.0,0.0,0.0,0.0
2025-07-16,05:05:38.131141,43279.09016609192,UnloadPallet,False,autonomous,False,0.0,0.0,0.0,0.0,0.0,30.614654706299305,30.614654706299305,-1,,0.0,0.0,,-1,,0.0,0.0,,-1,,0.0,0.0,,-1,,0.0,0.0,,-1,,0.0,0.0,,ground_5_frame_0,empty,32.107235100960274,-21.59114954858036,,0,0,0,0,0,0,0,0,0,0,0,0,0,0,0,0,0,0,0.0,0.2141935467,-0.093,-0.0353880226612091,0.0,0.2082475423812866,0.0,0.0,0.0,0.0,0.0,0.0,0.0,0.0,0.0,0.0,0.0,0.0,0.0,0.0,-1.1470906664077418,-0.1300466272303282,-0.0874950769926733,0.4214508266230155,0.0704963774324061,-0.0353880226612091,0.00497967004776,0.0,0.0,0.0,0.0,0.0,0.0,0.0,0.0,0.0,0.0,0.0,0.0,0.0,0.0,0.0,0.0
2025-07-16,05:05:38.131141,43279.09016609192,UnloadPallet,False,autonomous,False,0.0,0.0,0.0,0.0,0.0,30.614654706299305,30.614654706299305,-1,,0.0,0.0,,-1,,0.0,0.0,,-1,,0.0,0.0,,-1,,0.0,0.0,,-1,,0.0,0.0,,ground_5_frame_0,empty,32.107235100960274,-21.59114954858036,,0,0,0,0,0,0,0,0,0,0,0,0,0,0,0,0,0,0,0.0,0.2141935467,-0.093,-0.0353880226612091,0.0,0.2082475423812866,0.0,0.0,0.0,0.0,0.0,0.0,0.0,0.0,0.0,0.0,0.0,0.0,0.0,0.0,-1.1470906664077418,-0.1300466272303282,-0.0874950769926733,0.4214508266230155,0.0704963774324061,-0.0353880226612091,0.00497967004776,0.0,0.0,0.0,0.0,0.0,0.0,0.0,0.0,0.0,0.0,0.0,0.0,0.0,0.0,0.0,0.0
2025-07-16,05:05:38.131141,43279.09016609192,UnloadPallet,False,autonomous,False,0.0,0.0,0.0,0.0,0.0,30.614654706299305,30.614654706299305,-1,,0.0,0.0,,-1,,0.0,0.0,,-1,,0.0,0.0,,-1,,0.0,0.0,,-1,,0.0,0.0,,ground_5_frame_0,empty,32.107235100960274,-21.59114954858036,,0,0,0,0,0,0,0,0,0,0,0,0,0,0,0,0,0,0,0.0,0.2141935467,-0.093,-0.0353880226612091,0.0,0.2082475423812866,0.0,0.0,0.0,0.0,0.0,0.0,0.0,0.0,0.0,0.0,0.0,0.0,0.0,0.0,-1.1470906664077418,-0.1300466272303282,-0.0874950769926733,0.4214508266230155,0.0704963774324061,-0.0353880226612091,0.00497967004776,0.0,0.0,0.0,0.0,0.0,0.0,0.0,0.0,0.0,0.0,0.0,0.0,0.0,0.0,0.0,0.0
2025-07-16,05:05:38.131141,43279.09016609192,UnloadPallet,False,autonomous,False,0.0,0.0,0.0,0.0,0.0,30.614654706299305,30.614654706299305,-1,,0.0,0.0,,-1,,0.0,0.0,,-1,,0.0,0.0,,-1,,0.0,0.0,,-1,,0.0,0.0,,ground_5_frame_0,empty,32.107235100960274,-21.59114954858036,,0,0,0,0,0,0,0,0,0,0,0,0,0,0,0,0,0,0,0.0,0.2141935467,-0.093,-0.0353880226612091,0.0,0.2082475423812866,0.0,0.0,0.0,0.0,0.0,0.0,0.0,0.0,0.0,0.0,0.0,0.0,0.0,0.0,-1.1470906664077418,-0.1300466272303282,-0.0874950769926733,0.4214508266230155,0.0704963774324061,-0.0353880226612091,0.00497967004776,0.0,0.0,0.0,0.0,0.0,0.0,0.0,0.0,0.0,0.0,0.0,0.0,0.0,0.0,0.0,0.0
2025-07-16,05:05:38.131141,43279.09016609192,UnloadPallet,False,autonomous,False,0.0,0.0,0.0,0.0,0.0,30.614654706299305,30.614654706299305,-1,,0.0,0.0,,-1,,0.0,0.0,,-1,,0.0,0.0,,-1,,0.0,0.0,,-1,,0.0,0.0,,ground_5_frame_0,empty,32.107235100960274,-21.59114954858036,,0,0,0,0,0,0,0,0,0,0,0,0,0,0,0,0,0,0,0.0,0.2141935467,-0.093,-0.0353880226612091,0.0,0.2082475423812866,0.0,0.0,0.0,0.0,0.0,0.0,0.0,0.0,0.0,0.0,0.0,0.0,0.0,0.0,-1.1470906664077418,-0.1300466272303282,-0.0874950769926733,0.4214508266230155,0.0704963774324061,-0.0353880226612091,0.00497967004776,0.0,0.0,0.0,0.0,0.0,0.0,0.0,0.0,0.0,0.0,0.0,0.0,0.0,0.0,0.0,0.0
2025-07-16,05:05:38.131141,43279.09016609192,UnloadPallet,False,autonomous,False,0.0,0.0,0.0,0.0,0.0,30.614654706299305,30.614654706299305,-1,,0.0,0.0,,-1,,0.0,0.0,,-1,,0.0,0.0,,-1,,0.0,0.0,,-1,,0.0,0.0,,ground_5_frame_0,empty,32.107235100960274,-21.59114954858036,,0,0,0,0,0,0,0,0,0,0,0,0,0,0,0,0,0,0,0.0,0.2141935467,-0.093,-0.0353880226612091,0.0,0.2082475423812866,0.0,0.0,0.0,0.0,0.0,0.0,0.0,0.0,0.0,0.0,0.0,0.0,0.0,0.0,-1.1470906664077418,-0.1300466272303282,-0.0874950769926733,0.4214508266230155,0.0704963774324061,-0.0353880226612091,0.00497967004776,0.0,0.0,0.0,0.0,0.0,0.0,0.0,0.0,0.0,0.0,0.0,0.0,0.0,0.0,0.0,0.0
2025-07-16,05:05:38.131141,43279.09016609192,UnloadPallet,False,autonomous,False,0.0,0.0,0.0,0.0,0.0,30.614654706299305,30.614654706299305,-1,,0.0,0.0,,-1,,0.0,0.0,,-1,,0.0,0.0,,-1,,0.0,0.0,,-1,,0.0,0.0,,ground_5_frame_0,empty,32.107235100960274,-21.59114954858036,,0,0,0,0,0,0,0,0,0,0,0,0,0,0,0,0,0,0,0.0,0.2141935467,-0.093,-0.0353880226612091,0.0,0.2082475423812866,0.0,0.0,0.0,0.0,0.0,0.0,0.0,0.0,0.0,0.0,0.0,0.0,0.0,0.0,-1.1470906664077418,-0.1300466272303282,-0.0874950769926733,0.4214508266230155,0.0704963774324061,-0.0353880226612091,0.00497967004776,0.0,0.0,0.0,0.0,0.0,0.0,0.0,0.0,0.0,0.0,0.0,0.0,0.0,0.0,0.0,0.0
2025-07-16,05:05:38.131141,43279.09016609192,UnloadPallet,False,autonomous,False,0.0,0.0,0.0,0.0,0.0,30.614654706299305,30.614654706299305,-1,,0.0,0.0,,-1,,0.0,0.0,,-1,,0.0,0.0,,-1,,0.0,0.0,,-1,,0.0,0.0,,ground_5_frame_0,empty,32.107235100960274,-21.59114954858036,,0,0,0,0,0,0,0,0,0,0,0,0,0,0,0,0,0,0,0.0,0.2141935467,-0.093,-0.0353880226612091,0.0,0.2082475423812866,0.0,0.0,0.0,0.0,0.0,0.0,0.0,0.0,0.0,0.0,0.0,0.0,0.0,0.0,-1.1470906664077418,-0.1300466272303282,-0.0874950769926733,0.4214508266230155,0.0704963774324061,-0.0353880226612091,0.00497967004776,0.0,0.0,0.0,0.0,0.0,0.0,0.0,0.0,0.0,0.0,0.0,0.0,0.0,0.0,0.0,0.0
2025-07-16,05:05:38.131141,43279.09016609192,UnloadPallet,False,autonomous,False,0.0,0.0,0.0,0.0,0.0,30.614654706299305,30.614654706299305,-1,,0.0,0.0,,-1,,0.0,0.0,,-1,,0.0,0.0,,-1,,0.0,0.0,,-1,,0.0,0.0,,ground_5_frame_0,empty,32.107235100960274,-21.59114954858036,,0,0,0,0,0,0,0,0,0,0,0,0,0,0,0,0,0,0,0.0,0.2141935467,-0.093,-0.0353880226612091,0.0,0.2082475423812866,0.0,0.0,0.0,0.0,0.0,0.0,0.0,0.0,0.0,0.0,0.0,0.0,0.0,0.0,-1.1470906664077418,-0.1300466272303282,-0.0874950769926733,0.4214508266230155,0.0704963774324061,-0.0353880226612091,0.00497967004776,0.0,0.0,0.0,0.0,0.0,0.0,0.0,0.0,0.0,0.0,0.0,0.0,0.0,0.0,0.0,0.0
2025-07-16,05:05:38.173341,43321.29001617432,UnloadPallet,False,autonomous,False,0.0,0.0,0.0,0.0,0.0,30.614121948109844,30.614121948109844,-1,,0.0,0.0,,-1,,0.0,0.0,,-1,,0.0,0.0,,-1,,0.0,0.0,,-1,,0.0,0.0,,ground_5_frame_0,empty,32.107235100960274,-21.59114954858036,,0,0,0,0,0,0,0,0,0,0,0,0,0,0,0,0,0,0,0.0,0.1980919467,-0.093,-0.0353680439293384,0.0,0.2082563489675521,0.0,0.0,0.0,0.0,0.0,0.0,0.0,0.0,0.0,0.0,0.0,0.0,0.0,0.0,-1.1466225682336957,-0.1299971354706031,-0.0736974723161041,0.4220449009741003,0.0704963774324061,-0.0353680439293384,0.0004111528396606,0.0,0.0,0.0,0.0,0.0,0.0,0.0,0.0,0.0,0.0,0.0,0.0,0.0,0.0,0.0,0.0
2025-07-16,05:05:38.253280,43401.22985839844,UnloadPallet,False,autonomous,False,0.0,0.0,0.0,0.0,0.0,30.613277159124955,30.613277159124955,-1,,0.0,0.0,,-1,,0.0,0.0,,-1,,0.0,0.0,,-1,,0.0,0.0,,-1,,0.0,0.0,,ground_5_frame_0,empty,32.107235100960274,-21.59114954858036,,0,0,0,0,0,0,0,0,0,0,0,0,0,0,0,0,0,0,0.0,0.1819903467,-0.093,-0.035599835216999,0.0,0.2097344249486923,0.0,0.0,0.0,0.0,0.0,0.0,0.0,0.0,0.0,0.0,0.0,0.0,0.0,0.0,-1.1453924030239122,-0.1312087242573181,-0.0571942280822488,0.3889344597406534,0.0704963774324061,-0.035599835216999,0.0042976140975952,0.0,0.0,0.0,0.0,0.0,0.0,0.0,0.0,0.0,0.0,0.0,0.0,0.0,0.0,0.0,0.0
2025-07-16,05:05:38.291755,43439.70489501953,UnloadPallet,False,autonomous,False,0.0,0.0,0.0,0.0,0.0,30.61327715436939,30.61327715436939,-1,,0.0,0.0,,-1,,0.0,0.0,,-1,,0.0,0.0,,-1,,0.0,0.0,,-1,,0.0,0.0,,ground_5_frame_0,empty,32.107235100960274,-21.59114954858036,,0,0,0,0,0,0,0,0,0,0,0,0,0,0,0,0,0,0,0.0,0.1679014467,-0.093,-0.0353163816034793,0.0,0.2095112055540084,0.0,0.0,0.0,0.0,0.0,0.0,0.0,0.0,0.0,0.0,0.0,0.0,0.0,0.0,-1.145306388033788,-0.131184044039986,-0.0409066782430774,0.3917659955517081,0.0704963774324061,-0.0353163816034793,0.0059461593627929,0.0,0.0,0.0,0.0,0.0,0.0,0.0,0.0,0.0,0.0,0.0,0.0,0.0,0.0,0.0,0.0
2025-07-16,05:05:38.331011,43478.9605140686,UnloadPallet,False,autonomous,False,0.0,0.0,0.0,0.0,0.0,30.613277154246404,30.613277154246404,-1,,0.0,0.0,,-1,,0.0,0.0,,-1,,0.0,0.0,,-1,,0.0,0.0,,-1,,0.0,0.0,,ground_5_frame_0,empty,32.107235100960274,-21.59114954858036,,0,0,0,0,0,0,0,0,0,0,0,0,0,0,0,0,0,0,0.0,0.1679014467,-0.093,-0.0353603102266788,0.0,0.2090772688388824,0.0,0.0,0.0,0.0,0.0,0.0,0.0,0.0,0.0,0.0,0.0,0.0,0.0,0.0,-1.145305481503584,-0.1309593392484513,-0.0269096163417944,0.4026499974982016,0.0704963774324061,-0.0353603102266788,-0.0049231052398681,0.0,0.0,0.0,0.0,0.0,0.0,0.0,0.0,0.0,0.0,0.0,0.0,0.0,0.0,0.0,0.0
2025-07-16,05:05:38.373424,43521.37303352356,UnloadPallet,False,autonomous,False,0.0,0.0,0.0,0.0,0.0,30.612874131742117,30.612874131742117,-1,,0.0,0.0,,-1,,0.0,0.0,,-1,,0.0,0.0,,-1,,0.0,0.0,,-1,,0.0,0.0,,ground_5_frame_0,empty,32.107235100960274,-21.59114954858036,,0,0,0,0,0,0,0,0,0,0,0,0,0,0,0,0,0,0,0.0,0.1558252467,-0.094,-0.0353603102266788,0.0,0.2090772688388824,0.0,0.0,0.0,0.0,0.0,0.0,0.0,0.0,0.0,0.0,0.0,0.0,0.0,0.0,-1.1448744880067423,-0.1314942288845175,-0.0271323185188777,0.3869667856004639,0.0704963774324061,-0.0353603102266788,0.002341866493225,0.0,0.0,0.0,0.0,0.0,0.0,0.0,0.0,0.0,0.0,0.0,0.0,0.0,0.0,0.0,0.0
2025-07-16,05:05:38.410916,43558.8653087616,UnloadPallet,False,autonomous,False,0.0,0.0,0.0,0.0,0.0,30.61186623766476,30.61186623766476,-1,,0.0,0.0,,-1,,0.0,0.0,,-1,,0.0,0.0,,-1,,0.0,0.0,,-1,,0.0,0.0,,ground_5_frame_0,empty,32.107235100960274,-21.59114954858036,,0,0,0,0,0,0,0,0,0,0,0,0,0,0,0,0,0,0,0.0,0.1437490467,-0.094,-0.0353743694722652,0.0,0.2086622565984726,0.0,0.0,0.0,0.0,0.0,0.0,0.0,0.0,0.0,0.0,0.0,0.0,0.0,0.0,-1.1434671315011542,-0.1300873133059044,-0.0030905965575229,0.3953624747245783,0.0704963774324061,-0.0353743694722652,0.0026623010635375,0.0,0.0,0.0,0.0,0.0,0.0,0.0,0.0,0.0,0.0,0.0,0.0,0.0,0.0,0.0,0.0
2025-07-16,05:05:38.490905,43638.85402679443,UnloadPallet,False,autonomous,False,0.0,0.0,0.0,0.0,0.0,30.61186375953345,30.61186375953345,-1,,0.0,0.0,,-1,,0.0,0.0,,-1,,0.0,0.0,,-1,,0.0,0.0,,-1,,0.0,0.0,,ground_5_frame_0,empty,32.107235100960274,-21.59114954858036,,0,0,0,0,0,0,0,0,0,0,0,0,0,0,0,0,0,0,0.0,0.1377109467,-0.094,-0.035599835216999,0.0,0.2097344249486923,0.0,0.0,0.0,0.0,0.0,0.0,0.0,0.0,0.0,0.0,0.0,0.0,0.0,0.0,-1.143428183173974,-0.1306398632561443,-0.0027994914559262,0.3777642616252024,0.0704963774324061,-0.035599835216999,-0.001850426197052,0.0,0.0,0.0,0.0,0.0,0.0,0.0,0.0,0.0,0.0,0.0,0.0,0.0,0.0,0.0,0.0
2025-07-16,05:05:38.570935,43718.88494491577,UnloadPallet,False,autonomous,False,0.0,0.0,0.0,0.0,0.0,30.611065094949037,30.611065094949037,-1,,0.0,0.0,,-1,,0.0,0.0,,-1,,0.0,0.0,,-1,,0.0,0.0,,-1,,0.0,0.0,,ground_5_frame_0,empty,32.107235100960274,-21.59114954858036,,0,0,0,0,0,0,0,0,0,0,0,0,0,0,0,0,0,0,0.0,0.1316728467,-0.094,-0.0353021174669265,0.0,0.2099261581897735,0.0,0.0,0.0,0.0,0.0,0.0,0.0,0.0,0.0,0.0,0.0,0.0,0.0,0.0,-1.1420390174791848,-0.130398297006705,0.0095996340763684,0.3864336418420748,0.0704963774324061,-0.0353021174669265,0.0097712874412536,0.0,0.0,0.0,0.0,0.0,0.0,0.0,0.0,0.0,0.0,0.0,0.0,0.0,0.0,0.0,0.0
2025-07-16,05:05:38.610856,43758.80551338196,UnloadPallet,False,autonomous,False,0.0,0.0,0.0,0.0,0.0,30.610714520335357,30.610714520335357,-1,,0.0,0.0,,-1,,0.0,0.0,,-1,,0.0,0.0,,-1,,0.0,0.0,,-1,,0.0,0.0,,ground_5_frame_0,empty,32.107235100960274,-21.59114954858036,,0,0,0,0,0,0,0,0,0,0,0,0,0,0,0,0,0,0,0.0,0.1296601467,-0.094,-0.035599835216999,0.0,0.2097344249486923,0.0,0.0,0.0,0.0,0.0,0.0,0.0,0.0,0.0,0.0,0.0,0.0,0.0,0.0,-1.1420386366879995,-0.130195371833528,0.0095870462217216,0.3989072139538052,0.0704963774324061,-0.035599835216999,-0.0094338059425354,0.0,0.0,0.0,0.0,0.0,0.0,0.0,0.0,0.0,0.0,0.0,0.0,0.0,0.0,0.0,0.0
2025-07-16,05:05:38.734114,43882.06386566162,UnloadPallet,False,autonomous,False,0.0,0.0,0.0,0.0,0.0,30.61071135865688,30.61071135865688,-1,,0.0,0.0,,-1,,0.0,0.0,,-1,,0.0,0.0,,-1,,0.0,0.0,,-1,,0.0,0.0,,ground_5_frame_0,empty,32.107235100960274,-21.59114954858036,,0,0,0,0,0,0,0,0,0,0,0,0,0,0,0,0,0,0,0.0,0.1296601467,-0.094,-0.0356439501047134,0.0,0.2093002498149871,0.0,0.0,0.0,0.0,0.0,0.0,0.0,0.0,0.0,0.0,0.0,0.0,0.0,0.0,-1.1417342636600054,-0.1299677809234101,0.0111267173314721,0.4010820123162943,0.0704963774324061,-0.0356439501047134,-0.0051867365837097,0.0,0.0,0.0,0.0,0.0,0.0,0.0,0.0,0.0,0.0,0.0,0.0,0.0,0.0,0.0,0.0
2025-07-16,05:05:38.772663,43920.61233520508,UnloadPallet,False,autonomous,False,0.0,0.0,0.0,0.0,0.0,30.61006397738104,30.61006397738104,-1,,0.0,0.0,,-1,,0.0,0.0,,-1,,0.0,0.0,,-1,,0.0,0.0,,-1,,0.0,0.0,,ground_5_frame_0,empty,32.107235100960274,-21.59114954858036,,0,0,0,0,0,0,0,0,0,0,0,0,0,0,0,0,0,0,0.0,0.1296601467,-0.095,-0.0352961272001266,0.0,0.2095199227333068,0.0,0.0,0.0,0.0,0.0,0.0,0.0,0.0,0.0,0.0,0.0,0.0,0.0,0.0,-1.1407332632913023,-0.1300634595506817,0.0113497807243642,0.3931649874649281,0.0704963774324061,-0.0352961272001266,0.0043087601661682,0.0,0.0,0.0,0.0,0.0,0.0,0.0,0.0,0.0,0.0,0.0,0.0,0.0,0.0,0.0,0.0
2025-07-16,05:05:38.853035,44000.98466873169,UnloadPallet,False,autonomous,False,0.0,0.0,0.0,0.0,0.0,30.610363377622075,30.610363377622075,-1,,0.0,0.0,,-1,,0.0,0.0,,-1,,0.0,0.0,,-1,,0.0,0.0,,-1,,0.0,0.0,,ground_5_frame_0,empty,32.107235100960274,-21.59114954858036,,0,0,0,0,0,0,0,0,0,0,0,0,0,0,0,0,0,0,0.0,0.1296601467,-0.094,-0.0356203019618988,0.0,0.2097255885601043,0.0,0.0,0.0,0.0,0.0,0.0,0.0,0.0,0.0,0.0,0.0,0.0,0.0,0.0,-1.1406307766404709,-0.1287174382996454,0.0115036226357607,0.4106658460812866,0.0704963774324061,-0.0356203019618988,-0.0069028735160827,0.0,0.0,0.0,0.0,0.0,0.0,0.0,0.0,0.0,0.0,0.0,0.0,0.0,0.0,0.0,0.0
2025-07-16,05:05:38.934423,44082.37242698669,UnloadPallet,False,autonomous,False,0.0,0.0,0.0,0.0,0.0,30.61036303352429,30.61036303352429,-1,,0.0,0.0,,-1,,0.0,0.0,,-1,,0.0,0.0,,-1,,0.0,0.0,,-1,,0.0,0.0,,ground_5_frame_0,empty,32.107235100960274,-21.59114954858036,,0,0,0,0,0,0,0,0,0,0,0,0,0,0,0,0,0,0,0.0,0.1296601467,-0.095,-0.0353542529046535,0.0,0.2086710184812545,0.0,0.0,0.0,0.0,0.0,0.0,0.0,0.0,0.0,0.0,0.0,0.0,0.0,0.0,-1.1412707029797104,-0.1290460987153485,0.0111041271999975,0.3984890892674002,0.0704963774324061,-0.0353542529046535,-0.0005490183830261,0.0,0.0,0.0,0.0,0.0,0.0,0.0,0.0,0.0,0.0,0.0,0.0,0.0,0.0,0.0,0.0
